Timestamp,Voltage (V),Power Factor,Grid Supply (kW),Grid Frequency (Hz),Generation Capacity (MW),Power Consumption (kW),Current (A),Reactive Power (kVAR),Temperature (Â°C),Humidity (%),Transformer Fault,Line Trip Events,Overload Condition,Grid Collapse Events
2010-01-03,285495.26,0.835,3854018.91,50.12,2755.84,4134877.48,10020.19,2730183.82,25.9,26.5,1,1,0,1
2010-01-10,298955.92,0.818,3664316.13,49.64,3670.88,4744906.44,11201.12,3335573.53,23.5,29.6,0,1,1,1
2010-01-17,333238.44,0.812,3582076.32,49.63,4226.75,4204517.16,8976.12,3027157.97,34.4,42.6,0,0,1,0
2010-01-24,289103.05,0.904,3213457.36,49.81,3508.85,4300460.65,9495.55,2028374.7,32.4,32.8,0,0,1,1
2010-01-31,295512.49,0.851,4822482.85,50.34,4029.49,5944028.34,13646.6,3668447.92,31.3,21.5,0,0,1,1
2010-02-07,289455.03,0.909,3558716.65,49.93,4223.44,4374853.42,9602.72,2009583.33,36.2,52.7,1,1,1,1
2010-02-14,337896.06,0.81,3911498.55,49.61,3828.73,3866781.07,8158.8,2801476.49,33.9,38.2,0,0,0,0
2010-02-21,306301.93,0.847,3889274.68,50.31,4085.23,4540653.3,10101.23,2846302.73,36.8,20.9,1,0,1,1
2010-02-28,279298.97,0.881,4122962.68,49.88,3518.63,5445040.07,12777.12,2925236.98,27.8,30.6,1,1,1,1
2010-03-07,313279.97,0.919,4326294.89,50.6,3896.69,4352382.2,8731.79,1872316.87,31.9,36.1,1,1,0,1
2010-03-14,299617.66,0.848,4344189.4,49.52,4305.11,6692378.53,15210.81,4185992.44,27.1,52.0,0,1,1,1
2010-03-21,279030.59,0.894,3766769.02,49.96,4078.49,5064857.52,11723.94,2540118.05,31.3,23.9,0,0,1,1
2010-03-28,296105.8,0.933,3933151.31,49.54,3706.73,5458275.93,11408.13,2107163.95,31.3,44.8,1,1,1,1
2010-04-04,294114.77,0.892,4113031.98,49.7,4112.11,4794935.8,10547.65,2424850.03,29.9,84.0,0,1,1,1
2010-04-11,301057.48,0.835,3900523.55,49.89,4357.3,4498223.17,10331.74,2964905.47,28.1,63.7,1,1,1,1
2010-04-18,306076.59,0.804,4642938.23,50.46,2975.03,5034993.05,11817.77,3728276.16,29.9,67.2,0,1,0,1
2010-04-25,292266.72,0.931,4196389.98,50.39,4579.54,5055709.53,10732.94,1989946.7,30.1,59.6,0,0,1,1
2010-05-02,331571.24,0.803,4293951.11,49.69,3831.87,4720621.65,10233.95,3501261.91,34.5,68.0,0,0,0,0
2010-05-09,325459.88,0.931,4265152.51,50.32,4212.74,5031200.79,9584.47,1969328.18,27.1,69.6,0,0,1,0
2010-05-16,288883.9,0.879,4469389.54,50.39,4598.62,5005588.99,11376.64,2710700.0,25.2,76.6,0,0,1,1
2010-05-23,302773.03,0.941,4072408.62,49.74,3314.16,5250078.61,10640.52,1890505.49,28.7,80.9,1,1,1,1
2010-05-30,294975.14,0.92,3481267.22,49.67,3645.28,4284488.97,9116.99,1827541.2,25.6,62.5,0,1,1,1
2010-06-06,289060.08,0.95,4159875.18,50.35,3855.73,4418256.71,9292.24,1457063.5,32.4,50.3,0,0,0,1
2010-06-13,274878.21,0.853,3739457.24,50.11,3608.12,4717944.55,11622.6,2891574.88,27.2,69.8,0,1,1,1
2010-06-20,300440.58,0.915,3788553.33,49.56,4867.47,4415484.58,9272.59,1945910.62,26.3,72.9,1,1,1,1
2010-06-27,303025.71,0.86,4234545.61,50.05,3571.61,5425228.57,12015.26,3214977.54,26.6,72.5,1,0,1,1
2010-07-04,303205.12,0.872,4495313.23,49.64,3722.23,5837638.81,12747.73,3277309.21,30.2,66.7,1,1,1,1
2010-07-11,331878.49,0.894,4008508.63,50.0,4102.19,3892527.04,7573.44,1949541.32,27.5,71.2,0,0,0,0
2010-07-18,326996.81,0.931,4123533.21,49.75,3398.93,4326804.84,8205.2,1695714.4,26.1,85.2,0,0,0,0
2010-07-25,308738.47,0.948,4680885.98,50.46,3802.16,6235572.24,12305.36,2101892.77,33.0,73.8,1,1,1,1
2010-08-01,283381.0,0.915,4096301.27,50.38,4158.73,4805610.43,10697.49,2115522.68,25.4,66.3,0,0,1,1
2010-08-08,339261.39,0.863,5040673.25,49.92,3833.57,4925513.21,9716.6,2887801.04,28.1,65.0,0,0,0,0
2010-08-15,309315.76,0.863,4226203.86,49.85,3953.31,5606835.85,12123.89,3279232.34,30.0,68.3,0,1,1,1
2010-08-22,295722.16,0.911,3295694.9,49.96,3735.33,4710126.94,10098.17,2137245.04,23.1,86.4,0,1,1,1
2010-08-29,305635.27,0.836,4301336.65,50.04,3242.76,5920888.62,13381.72,3889154.68,29.4,68.2,0,0,1,1
2010-09-05,323895.78,0.817,4152463.35,50.08,4160.8,4773720.96,10420.7,3374606.03,24.8,69.8,0,0,1,0
2010-09-12,295260.9,0.853,4515901.1,49.76,4877.47,4825552.68,11059.44,2950073.79,30.5,65.2,0,1,0,1
2010-09-19,282943.32,0.843,4269272.54,50.01,4009.2,5469145.34,13236.94,3488602.62,25.1,81.0,0,1,1,1
2010-09-26,323359.07,0.844,3944617.61,50.14,4112.63,3708978.65,7842.18,2352640.79,30.1,89.6,0,0,0,0
2010-10-03,284620.98,0.835,3510280.71,50.58,4346.36,4074116.4,9896.87,2684332.12,31.3,74.5,0,1,1,1
2010-10-10,310100.56,0.806,3916390.7,50.07,3365.33,4714290.49,10885.51,3458262.15,30.6,70.8,1,1,1,1
2010-10-17,287324.85,0.803,3659791.82,49.78,4851.26,4938866.19,12363.76,3669678.63,28.8,70.4,0,1,1,1
2010-10-24,303511.33,0.948,3767790.62,50.33,4101.16,4821845.03,9673.79,1616158.2,27.3,46.2,1,1,1,1
2010-10-31,280994.16,0.864,4235431.36,49.84,4815.93,5745119.47,13659.79,3345403.33,26.3,77.5,1,1,1,1
2010-11-07,297412.83,0.858,4667961.8,50.07,3633.48,4638998.17,10500.12,2781484.93,36.4,36.3,1,0,0,1
2010-11-14,297146.35,0.902,4157868.61,50.2,4909.03,5213804.85,11231.63,2496336.71,29.9,39.3,1,1,1,1
2010-11-21,303081.12,0.833,3521646.78,50.03,4387.58,4938651.63,11297.45,3283588.32,28.9,27.9,1,0,1,1
2010-11-28,335285.61,0.942,4177841.07,50.01,4276.52,4460069.37,8148.68,1581607.48,34.0,31.2,0,0,0,0
2010-12-05,313656.63,0.918,4478652.59,49.95,4117.01,4310504.2,8643.57,1862780.63,29.6,30.9,1,1,0,1
2010-12-12,291540.79,0.813,3756086.84,49.64,3875.74,4563039.46,11109.23,3263129.42,29.1,45.2,1,1,1,1
2010-12-19,286996.31,0.863,3946393.13,49.89,4600.27,5138545.9,11983.26,3013081.83,27.7,31.2,1,0,1,1
2010-12-26,290936.06,0.932,4005875.28,49.35,4070.18,5493943.67,11699.62,2138922.24,30.6,55.8,0,0,1,1
2011-01-02,326615.39,0.942,3686040.67,50.13,3016.47,3060841.06,5745.48,1093486.96,31.8,39.3,0,0,0,0
2011-01-09,333058.38,0.87,4259312.17,50.09,3441.41,4403224.12,8772.34,2494121.47,32.7,22.2,0,0,0,0
2011-01-16,335155.0,0.892,3951620.74,49.65,3907.08,4205729.23,8122.03,2131184.25,34.9,33.7,0,0,0,0
2011-01-23,334656.4,0.825,4167812.98,49.86,4155.0,4730306.01,9891.14,3239626.41,33.6,28.5,0,0,1,0
2011-01-30,277074.86,0.949,3645003.13,50.38,3971.71,4828351.31,10605.31,1609586.22,31.4,13.1,0,1,1,1
2011-02-06,328453.94,0.835,3825016.68,49.8,4609.49,4239102.02,8926.52,2796245.68,31.4,51.0,0,0,1,0
2011-02-13,288302.3,0.941,4288952.54,49.8,3024.45,5358738.05,11399.22,1919795.86,33.5,42.0,0,1,1,1
2011-02-20,334877.73,0.897,3850866.74,50.09,4071.79,3308663.88,6356.19,1626308.22,35.8,40.3,0,0,0,0
2011-02-27,281095.38,0.891,4690785.54,50.45,3091.01,5615903.25,12943.43,2859045.76,32.4,36.7,1,0,1,1
2011-03-06,329071.71,0.877,3840145.53,49.95,4379.86,4416794.0,8836.99,2421027.06,30.6,21.2,0,0,1,0
2011-03-13,285554.48,0.835,4089873.89,49.93,3952.77,5632917.79,13645.99,3717856.91,29.0,30.2,1,0,1,1
2011-03-20,286225.88,0.826,4373036.33,49.82,4209.8,5536747.38,13513.05,3771428.76,27.7,43.4,1,1,1,1
2011-03-27,334062.63,0.833,3432653.71,50.35,3568.06,3751664.23,7783.1,2491117.4,34.0,24.5,0,0,0,0
2011-04-03,301603.43,0.828,3295676.48,50.53,4639.73,4643371.96,10735.55,3144941.75,29.7,44.7,1,0,1,1
2011-04-10,280458.72,0.917,3389737.47,50.01,4520.86,4065999.31,9128.47,1769430.6,29.7,67.7,0,0,1,1
2011-04-17,335017.66,0.853,4505033.64,49.84,4291.77,4671692.72,9443.7,2864309.67,27.6,68.6,0,0,0,0
2011-04-24,331808.18,0.809,3779256.74,49.83,3935.24,4599003.8,9895.58,3345443.54,32.2,71.4,0,0,1,0
2011-05-01,326774.4,0.945,5023279.71,50.1,4289.93,4800970.45,8972.65,1655632.07,26.5,77.3,0,1,0,0
2011-05-08,293260.48,0.933,3774300.96,50.39,3646.55,5143589.94,10858.55,1991070.61,30.9,76.4,1,1,1,1
2011-05-15,293213.82,0.939,4073820.52,49.91,4427.78,5051473.28,10590.88,1847433.25,27.9,72.6,1,0,1,1
2011-05-22,329820.87,0.949,4616843.98,50.13,4824.74,5459617.51,10068.14,1809244.85,26.2,82.0,0,0,1,0
2011-05-29,337823.22,0.826,4802437.16,49.7,4535.31,4366944.95,9034.48,2979086.92,29.8,54.8,0,0,0,0
2011-06-05,277066.84,0.859,4824601.43,50.51,3635.2,5936441.15,14393.53,3531341.44,29.2,75.0,1,1,1,1
2011-06-12,334109.51,0.914,4483346.49,49.8,4180.71,4377194.24,8278.01,1946397.56,29.1,76.3,0,0,0,0
2011-06-19,295224.83,0.904,4409625.01,49.77,3353.43,4422051.52,9561.99,2086234.48,28.2,57.6,1,0,0,1
2011-06-26,289397.83,0.823,4237010.78,50.12,4286.2,5219032.71,12649.98,3601074.64,27.9,55.0,0,1,1,1
2011-07-03,330458.8,0.922,4311344.43,50.4,4225.3,4962129.71,9399.02,2078167.5,35.2,62.5,0,0,1,0
2011-07-10,287112.97,0.834,3779525.71,51.07,3065.09,4632601.72,11174.28,3068904.4,31.6,63.4,0,0,1,1
2011-07-17,293489.68,0.834,3672720.45,50.25,3419.11,3826009.22,9029.2,2535502.13,30.2,77.5,1,1,0,1
2011-07-24,331785.56,0.881,3998650.22,49.96,3858.43,4161857.22,8224.64,2240149.99,28.3,63.9,0,0,0,0
2011-07-31,337389.47,0.889,3931926.15,50.11,3849.57,4094143.53,7881.3,2109483.95,31.0,61.4,0,0,0,0
2011-08-07,327408.65,0.887,3818708.78,50.18,3395.26,4219031.52,8387.49,2196264.43,29.6,63.9,0,0,1,0
2011-08-14,325957.53,0.814,4278554.98,49.94,4194.49,4898771.99,10663.23,3499255.8,28.1,81.2,0,0,1,0
2011-08-21,327491.21,0.932,4382122.08,50.36,4125.74,4575191.73,8657.86,1784838.65,27.1,70.1,0,0,0,0
2011-08-28,334577.01,0.84,4035362.75,50.05,3902.87,4985893.79,10244.48,3222652.77,27.8,68.2,0,0,1,0
2011-09-04,295143.1,0.819,4591012.03,50.24,3622.1,5805216.01,13858.45,4060705.14,18.5,68.9,1,1,1,1
2011-09-11,279622.43,0.933,3543324.35,49.81,4524.35,4579919.22,10132.07,1761996.43,28.6,82.9,1,1,1,1
2011-09-18,332566.34,0.943,3922536.22,50.08,4827.7,3486519.89,6416.25,1226321.32,26.5,62.5,0,0,0,0
2011-09-25,330485.39,0.929,3713271.07,50.17,3758.22,3801402.03,7146.05,1510538.71,32.8,83.2,0,0,0,0
2011-10-02,334843.22,0.921,3253385.35,49.88,3693.92,3306614.98,6187.57,1394344.29,28.1,72.1,0,0,0,0
2011-10-09,326489.73,0.898,3966927.73,49.89,4245.6,4546220.08,8949.64,2223853.99,24.4,68.4,0,0,1,0
2011-10-16,328361.69,0.883,3951301.0,49.78,3820.99,4331607.25,8628.95,2306930.61,27.9,95.0,0,0,0,0
2011-10-23,281209.28,0.813,4605379.9,49.88,3930.3,4887912.23,12342.89,3500071.37,24.9,59.4,1,0,0,1
2011-10-30,322682.43,0.861,4252324.67,50.16,4369.83,4538189.07,9427.76,2677546.91,29.4,66.5,0,0,0,0
2011-11-06,331480.6,0.856,3590325.27,50.09,3045.32,4010943.07,8162.12,2423407.95,32.9,22.7,0,0,1,0
2011-11-13,331305.28,0.839,4741637.03,50.33,4659.15,5703255.88,11846.53,3699382.71,34.9,44.5,0,0,1,0
2011-11-20,330025.57,0.909,4488413.48,50.0,4036.34,5111182.63,9841.97,2350809.63,29.6,51.9,0,0,1,0
2011-11-27,328827.06,0.874,4232839.08,50.13,3794.25,4766535.18,9571.36,2645196.46,32.1,51.7,0,0,1,0
2011-12-04,279563.4,0.812,3909406.36,49.92,3955.38,4984010.68,12673.54,3580424.3,27.9,47.2,0,1,1,1
2011-12-11,327896.77,0.833,3616224.31,49.92,3981.21,3937457.85,8322.6,2614951.14,34.1,33.0,0,0,0,0
2011-12-18,303525.04,0.902,3851117.29,49.84,3134.4,5242431.57,11049.33,2501953.4,33.6,31.3,0,1,1,1
2011-12-25,325988.61,0.811,4435499.45,50.17,4747.47,4066121.08,8875.07,2928819.28,33.5,18.3,0,0,0,0
2012-01-01,329193.57,0.928,4753834.52,49.94,4020.66,4825408.57,9122.7,1942133.57,32.0,55.4,0,0,0,0
2012-01-08,332020.25,0.874,4617297.41,49.99,4221.5,4491444.31,8933.35,2493858.49,33.2,39.7,0,0,0,0
2012-01-15,311270.17,0.872,3804460.23,50.19,4475.77,5099134.51,10845.21,2861244.43,36.8,30.1,1,0,1,1
2012-01-22,295567.68,0.889,3552153.03,49.57,3489.42,5269069.31,11579.3,2716019.68,31.1,48.3,1,1,1,1
2012-01-29,331287.75,0.924,4056354.5,50.18,4236.74,4017018.29,7578.89,1666084.16,32.4,25.3,0,0,0,0
2012-02-05,291511.17,0.852,3292624.25,49.77,3866.18,3078844.85,7155.58,1890517.51,28.7,39.1,0,1,0,1
2012-02-12,302624.8,0.902,4129267.09,49.65,4423.39,4582916.51,9696.47,2197462.11,29.4,33.3,1,0,1,1
2012-02-19,329867.43,0.885,3940958.97,50.01,2936.39,4498003.16,8897.03,2368090.63,32.3,41.4,0,0,1,0
2012-02-26,330301.15,0.84,3813585.4,50.0,3950.45,4209294.42,8758.53,2718339.23,35.3,34.4,0,0,1,0
2012-03-04,342316.21,0.932,3362118.77,49.87,3698.59,3674186.01,6650.48,1431301.63,31.2,20.5,0,0,0,0
2012-03-11,329038.2,0.92,4205440.04,50.14,4216.13,4297962.54,8200.69,1835923.21,31.3,35.8,0,0,0,0
2012-03-18,310972.44,0.899,3786919.66,49.91,4235.02,4043445.03,8352.6,1972419.86,30.8,45.5,0,0,0,1
2012-03-25,299532.89,0.928,3532033.27,49.77,3646.19,4610119.73,9579.71,1856829.15,30.4,34.7,0,0,1,1
2012-04-01,324156.61,0.93,2851095.11,49.89,3643.91,2755788.19,5277.2,1088341.02,28.9,77.8,0,0,0,0
2012-04-08,288823.54,0.906,3988994.04,49.12,3944.67,6006892.54,13249.71,2801982.94,23.5,59.5,1,1,1,1
2012-04-15,333759.67,0.926,4708900.64,50.22,3551.68,5212991.85,9742.98,2132506.52,31.8,69.7,0,0,1,0
2012-04-22,333955.16,0.905,4664503.69,49.9,4420.99,4626885.26,8842.47,2179984.84,26.0,63.8,0,0,0,0
2012-04-29,298851.99,0.902,3817161.5,49.54,3815.4,4500712.09,9639.35,2153963.99,30.2,77.5,1,0,1,1
2012-05-06,303269.79,0.893,3759115.18,50.6,2546.51,4878200.31,10402.07,2461359.7,24.2,70.3,1,0,1,1
2012-05-13,287936.5,0.913,4187509.7,49.5,3812.59,5247451.9,11525.62,2346167.78,30.0,76.9,0,1,1,1
2012-05-20,332934.29,0.824,3600645.82,50.21,3480.73,4182810.4,8805.06,2878412.94,30.0,80.9,0,0,1,0
2012-05-27,317581.83,0.932,4120716.76,50.16,3184.36,4968253.25,9689.71,1930110.42,29.2,76.9,0,1,1,1
2012-06-03,295797.63,0.931,4306432.11,50.35,3381.29,4882953.58,10239.57,1917917.24,25.0,72.7,1,1,1,1
2012-06-10,327168.51,0.804,4490773.29,49.73,4054.7,5564266.01,12207.05,4109664.8,28.7,60.0,0,0,1,0
2012-06-17,330498.26,0.924,3959938.37,50.24,4664.32,4177461.08,7898.97,1730450.81,24.5,70.0,0,0,0,0
2012-06-24,295776.52,0.819,3918530.5,49.61,4156.59,5534284.0,13184.94,3872581.56,27.2,64.7,1,1,1,1
2012-07-01,322246.68,0.85,3648806.97,49.93,3696.75,3609317.2,7605.37,2234313.79,31.1,66.6,0,0,0,0
2012-07-08,330342.81,0.912,3669247.86,50.03,4227.95,3985946.38,7642.52,1798289.69,30.4,66.3,0,0,0,0
2012-07-15,324688.48,0.824,3909408.44,49.64,3770.45,4226504.47,9119.41,2904930.13,28.0,60.2,0,0,0,0
2012-07-22,303769.76,0.923,4146946.2,49.65,3652.7,4108517.07,8462.95,1716665.78,25.1,50.4,1,0,0,1
2012-07-29,299321.2,0.925,4365433.85,50.07,3422.82,6370517.18,13286.77,2620374.04,29.9,63.3,0,1,1,1
2012-08-05,337749.67,0.876,3678728.42,49.73,3124.09,4337457.89,8462.84,2386724.22,28.1,71.9,0,0,1,0
2012-08-12,280093.33,0.801,4597075.43,49.32,3805.04,5876609.45,15123.55,4392799.91,21.0,56.5,1,1,1,1
2012-08-19,302580.6,0.843,3891550.56,50.59,4079.03,4054436.84,9176.4,2586522.37,30.3,70.2,1,1,0,1
2012-08-26,297258.51,0.893,3991453.08,49.68,3951.69,5451771.39,11863.57,2754597.83,27.9,89.0,0,0,1,1
2012-09-02,306344.17,0.947,3701115.33,50.4,3792.02,4952301.48,9853.83,1676818.46,31.6,80.2,1,0,1,1
2012-09-09,331137.3,0.895,3030303.9,49.89,3527.13,3289597.59,6410.05,1641626.89,24.7,86.4,0,0,0,0
2012-09-16,336535.71,0.839,4353618.16,49.66,4304.12,4654704.55,9518.17,3019155.41,18.5,73.9,0,0,0,0
2012-09-23,321962.58,0.895,4294737.56,49.78,3341.43,4726891.66,9469.73,2354538.59,28.8,81.7,0,0,1,0
2012-09-30,330923.17,0.881,3887468.98,50.25,4388.01,4644478.03,9197.6,2494214.0,28.9,62.8,0,0,1,0
2012-10-07,331299.41,0.917,4026796.29,49.97,3498.89,4456899.69,8470.19,1939021.6,22.9,63.6,0,0,1,0
2012-10-14,284491.35,0.816,4206375.69,49.96,3623.78,4638642.47,11535.75,3285432.54,25.1,42.6,0,0,1,1
2012-10-21,323815.25,0.914,3374981.66,50.03,3266.61,4003593.2,7808.59,1775327.63,36.3,81.9,0,0,1,0
2012-10-28,305318.04,0.881,3788378.93,50.12,3749.3,5976571.69,12825.36,3206457.08,27.1,85.4,1,1,1,1
2012-11-04,332609.71,0.944,4317705.87,50.22,4487.66,5894556.55,10833.71,2051245.76,34.2,29.5,0,0,1,0
2012-11-11,331484.92,0.851,3498284.23,50.29,4257.81,3280168.3,6711.18,2021821.97,30.0,32.5,0,0,0,0
2012-11-18,294544.49,0.895,4117423.17,49.74,4489.21,5088161.29,11144.95,2537448.48,25.7,27.5,0,1,1,1
2012-11-25,331732.24,0.94,3457367.28,49.73,4261.07,2910377.65,5389.69,1058215.08,31.5,38.8,0,0,0,0
2012-12-02,283880.35,0.815,4186571.99,49.64,3448.17,5341542.14,13323.32,3792585.48,31.2,46.2,0,1,1,1
2012-12-09,331161.27,0.941,3985743.41,50.05,3834.61,3966532.01,7352.13,1431957.77,30.8,17.6,0,0,0,0
2012-12-16,331465.36,0.903,3353947.27,49.81,3609.9,4166758.22,8035.7,1980336.54,31.7,39.1,0,0,1,0
2012-12-23,326428.24,0.81,4465895.74,49.81,4665.29,4343255.56,9481.74,3142481.0,32.8,32.2,0,0,0,0
2012-12-30,288764.14,0.845,3706163.37,50.25,3401.61,3903602.78,9234.87,2468954.55,31.5,36.1,0,0,0,1
2013-01-06,289990.44,0.906,3675899.03,50.37,4446.85,4410390.0,9689.39,2057639.99,28.2,39.6,1,1,1,1
2013-01-13,324043.48,0.81,4080227.68,50.01,4446.48,3478195.07,7649.8,2517242.35,33.5,33.1,0,1,0,0
2013-01-20,333282.77,0.887,4459454.94,49.85,4914.81,5017377.1,9795.36,2607533.2,26.2,34.0,0,0,1,0
2013-01-27,287266.93,0.852,3593671.27,49.78,3795.16,3894153.67,9187.28,2394105.95,25.8,32.9,0,1,0,1
2013-02-03,284652.24,0.893,4024671.94,49.62,4356.16,5225674.38,11867.22,2631650.3,34.2,44.7,1,0,1,1
2013-02-10,335792.98,0.807,4171526.6,50.18,5140.83,3513338.2,7486.67,2572279.31,33.5,39.2,0,0,0,0
2013-02-17,325896.59,0.931,4277242.24,50.21,3691.18,4354105.23,8287.71,1710829.6,31.8,37.2,0,0,0,0
2013-02-24,334816.88,0.946,4070576.62,49.63,3232.48,4943055.12,9010.02,1693443.08,27.8,22.3,0,0,1,0
2013-03-03,284099.89,0.945,3853188.86,49.8,3059.99,5087990.98,10937.81,1755200.85,29.9,31.2,1,1,1,1
2013-03-10,334110.3,0.912,3668963.91,49.7,4356.36,3535599.42,6695.83,1585562.71,31.2,44.0,0,0,0,0
2013-03-17,312911.32,0.82,4034457.55,50.13,3058.42,4787781.57,10779.45,3347951.28,27.2,35.4,0,1,1,1
2013-03-24,328773.06,0.914,3571144.4,49.98,3813.84,3756135.7,7218.75,1670191.73,29.8,41.6,0,0,0,0
2013-03-31,292264.34,0.804,2831459.81,50.19,4218.66,3661395.74,8999.59,2710898.53,34.0,52.7,0,0,1,1
2013-04-07,305848.34,0.803,4174623.92,49.81,4092.59,4651557.69,10930.6,3448486.8,32.3,80.4,0,1,1,1
2013-04-14,325920.95,0.849,4361573.94,49.8,4212.72,4838105.23,10100.18,3016918.59,26.7,70.9,1,0,1,0
2013-04-21,297064.23,0.873,3054827.03,50.25,4111.14,2820885.19,6277.88,1573697.67,30.3,64.9,1,0,0,1
2013-04-28,284263.78,0.916,3596107.72,49.93,4639.43,4232146.88,9388.39,1859056.76,22.3,44.5,0,1,1,1
2013-05-05,284113.28,0.902,4247661.7,49.58,3523.84,5314582.48,11966.65,2536304.26,30.0,68.3,0,1,1,1
2013-05-12,302977.27,0.867,4822998.19,50.49,3661.5,6548546.74,14395.03,3765779.67,25.6,66.7,0,1,1,1
2013-05-19,285277.19,0.841,4008317.48,50.32,3613.67,4727325.81,11375.46,3040656.53,28.9,73.9,0,0,1,1
2013-05-26,337267.67,0.95,3708798.82,49.95,4415.1,3372943.7,6080.61,1113787.07,27.3,68.5,0,0,0,0
2013-06-02,307204.99,0.864,3926841.42,50.14,4450.2,4851252.18,10553.29,2827983.34,32.0,66.8,0,0,1,1
2013-06-09,343600.85,0.868,4549950.57,50.27,4225.61,4867846.52,9426.45,2788588.6,25.4,52.2,0,0,0,0
2013-06-16,333128.34,0.825,3741614.33,49.74,4591.75,3899111.09,8195.58,2675554.23,29.9,60.6,0,0,0,0
2013-06-23,301108.36,0.919,3680323.2,49.8,3410.98,4113444.23,8580.29,1761960.18,27.2,74.8,0,0,1,1
2013-06-30,324645.54,0.904,3806902.59,50.16,4833.61,3814198.98,7503.08,1803293.52,27.5,87.2,0,0,0,0
2013-07-07,291315.41,0.833,3618668.56,49.34,4761.62,4755578.68,11312.9,3157193.29,27.4,69.0,1,0,1,1
2013-07-14,328882.69,0.812,4049068.13,50.16,4367.81,4041904.28,8734.49,2901528.96,25.5,73.3,0,0,0,0
2013-07-21,333570.0,0.902,4649871.38,50.31,4890.9,4841403.66,9289.26,2316271.83,28.0,79.5,0,0,0,0
2013-07-28,287039.82,0.898,4129231.71,50.17,3171.69,6008700.17,13456.0,2941106.13,27.8,61.9,0,1,1,1
2013-08-04,299259.33,0.841,3899058.6,49.68,3737.78,4564911.44,10472.1,2936847.17,28.7,73.7,0,0,1,1
2013-08-11,309375.08,0.943,3883275.49,49.97,3632.35,4265908.35,8445.48,1510809.33,28.3,62.6,0,1,0,1
2013-08-18,322425.76,0.823,3374723.68,50.05,4360.74,3807899.72,8288.49,2631621.67,30.4,78.6,0,0,1,0
2013-08-25,283365.31,0.865,4353243.91,50.41,3474.93,5435471.24,12805.28,3155193.16,30.8,71.5,0,1,1,1
2013-09-01,334281.99,0.942,3968865.12,50.07,4378.75,4041004.19,7412.69,1445917.11,24.8,73.0,0,0,0,0
2013-09-08,331070.47,0.863,3927808.03,50.08,4685.27,3817375.21,7714.25,2235122.87,30.6,62.2,0,0,0,0
2013-09-15,323771.31,0.896,5277243.03,49.73,4347.6,5404002.33,10757.61,2681553.01,24.4,77.1,0,0,0,0
2013-09-22,306121.2,0.86,4119501.16,49.79,4141.88,6136763.65,13463.85,3647207.96,29.8,90.8,0,1,1,1
2013-09-29,331926.59,0.841,3699283.58,50.23,3506.06,4180977.82,8645.91,2688276.22,29.9,59.9,0,1,1,0
2013-10-06,282431.49,0.948,3829456.96,49.97,3576.57,5013783.17,10816.04,1690328.36,22.3,66.6,1,0,1,1
2013-10-13,305121.13,0.861,4459378.28,49.78,4624.81,5065501.07,11127.17,2986887.17,28.3,72.3,0,0,1,1
2013-10-20,297216.81,0.934,4045308.16,49.24,4389.67,4300798.36,8943.65,1643552.54,26.6,77.9,1,1,0,1
2013-10-27,324285.15,0.834,3424688.81,50.1,3980.49,2623627.16,5597.47,1732388.55,25.7,64.4,0,0,0,0
2013-11-03,331788.94,0.832,4367691.57,50.11,3791.05,4232563.57,8852.7,2822641.34,36.1,6.7,0,0,0,0
2013-11-10,332803.92,0.805,3732742.37,49.99,2987.1,4276492.14,9219.78,3155390.18,30.0,48.6,0,0,1,0
2013-11-17,335415.26,0.898,4749319.11,50.22,3464.57,5232299.46,10032.14,2567368.91,29.6,42.6,0,0,1,0
2013-11-24,335269.01,0.855,4432019.23,49.93,4955.71,4555445.08,9172.1,2759900.91,32.2,17.6,0,0,0,0
2013-12-01,305285.89,0.93,3821071.24,49.84,3359.77,5204393.06,10587.21,2062571.8,34.1,28.9,0,1,1,1
2013-12-08,325310.87,0.871,4512406.54,49.8,4094.74,4427173.71,9021.08,2497344.19,31.6,50.7,0,0,0,0
2013-12-15,332575.18,0.945,4027142.2,50.0,4503.72,4310958.63,7917.47,1488666.65,35.5,49.5,0,0,0,0
2013-12-22,332568.93,0.828,4341109.47,49.97,3372.54,4890641.09,10256.12,3314158.13,33.6,44.4,0,0,1,0
2013-12-29,332575.24,0.93,4193893.13,50.05,4092.36,3725902.13,6952.82,1469128.74,25.5,33.2,0,0,0,0
2014-01-05,296950.39,0.916,3661457.34,50.31,4468.96,4563200.26,9680.49,1991891.68,30.4,35.8,1,1,1,1
2014-01-12,332854.45,0.916,3742580.07,49.97,4006.25,4278680.29,8105.33,1878518.05,30.3,33.7,0,0,1,0
2014-01-19,290836.23,0.927,4411984.33,50.11,5434.2,5333845.01,11425.73,2162729.68,33.4,46.3,0,1,1,1
2014-01-26,295184.98,0.914,3866089.87,49.77,3165.7,5343000.49,11431.71,2369275.04,24.1,26.2,1,0,1,1
2014-02-02,333256.96,0.894,3838540.61,49.68,4529.36,5110884.19,9904.93,2562497.21,39.6,26.9,0,0,1,0
2014-02-09,302388.46,0.82,3617950.97,50.52,3913.6,4284778.48,9980.55,2994281.49,33.6,45.1,1,0,1,1
2014-02-16,284345.09,0.805,4169439.63,50.48,4385.96,5581805.9,14081.14,4115478.13,32.4,34.6,0,1,1,1
2014-02-23,326135.87,0.938,4825009.97,49.74,4220.65,4710147.19,8888.19,1738656.79,35.5,48.8,0,0,0,0
2014-03-02,328815.91,0.892,3572986.83,50.14,3633.42,3816396.98,7508.15,1928738.55,39.0,28.3,0,0,0,0
2014-03-09,327573.18,0.919,4009687.78,49.9,4114.5,4394726.72,8424.04,1879020.21,34.6,34.5,0,0,0,0
2014-03-16,304711.73,0.872,4564888.22,50.27,3071.05,6021035.21,13079.5,3376273.52,34.8,25.8,0,1,1,1
2014-03-23,341573.29,0.818,3968143.44,50.06,4301.62,3761920.89,7777.25,2649332.04,32.4,35.1,0,0,0,0
2014-03-30,320663.67,0.819,4180948.72,49.95,4149.08,4476274.95,9843.29,3138673.26,31.6,20.2,0,0,0,0
2014-04-06,286976.2,0.903,3575042.59,50.16,4319.33,5264563.04,11731.34,2507321.21,26.6,65.1,1,0,1,1
2014-04-13,321936.42,0.865,4171322.84,49.86,4529.06,4567029.44,9473.6,2654779.19,25.5,55.6,0,0,0,0
2014-04-20,327640.34,0.83,3925142.29,49.82,4183.81,4498993.07,9550.76,3022420.13,25.9,76.9,0,0,1,0
2014-04-27,335444.75,0.874,4394292.0,49.83,4074.04,4509856.62,8883.81,2510555.3,23.9,77.2,0,0,0,0
2014-05-04,330321.4,0.81,4474954.42,49.99,3559.47,5034279.08,10868.08,3649578.9,27.8,52.7,0,0,1,0
2014-05-11,324611.28,0.887,5035825.46,49.86,3643.89,5428251.14,10880.96,2821511.01,22.9,83.3,0,0,0,0
2014-05-18,283474.29,0.84,4231853.27,49.74,4593.37,5228484.85,12671.9,3372500.82,28.6,95.0,0,0,1,1
2014-05-25,333397.99,0.92,4130318.53,50.3,4718.17,4468393.77,8414.2,1908456.32,27.9,70.5,0,0,0,0
2014-06-01,326348.17,0.847,4077753.72,49.88,3880.94,3877251.93,8102.66,2437965.83,28.4,63.6,0,0,0,0
2014-06-08,331082.29,0.868,3858733.48,50.05,4023.0,3807458.53,7646.76,2175284.59,26.4,98.2,0,0,0,0
2014-06-15,330227.86,0.802,4135393.54,50.1,3547.69,4420457.92,9639.57,3295282.47,37.2,56.8,0,0,0,0
2014-06-22,326742.0,0.811,3881839.44,50.09,4586.38,4191316.86,9133.46,3025016.51,32.1,70.2,0,0,0,0
2014-06-29,340719.72,0.859,4067384.39,50.02,4332.71,3787047.05,7471.6,2258393.8,24.3,71.8,0,0,0,0
2014-07-06,333169.6,0.872,4527039.01,50.15,4970.61,5230534.44,10394.61,2936341.46,28.7,83.5,0,0,1,0
2014-07-13,319874.29,0.89,3597382.97,50.1,3560.84,3983024.69,8077.58,2040530.08,26.2,73.6,0,0,1,0
2014-07-20,330932.27,0.844,4455951.42,49.75,3811.0,4364725.43,9024.93,2776548.53,25.0,65.0,0,0,0,0
2014-07-27,326691.07,0.904,4526846.03,50.17,4115.72,4057147.37,7929.32,1915890.99,24.0,60.5,0,0,0,0
2014-08-03,334262.17,0.929,3952772.59,50.18,4323.24,4093133.73,7609.98,1630319.92,29.3,66.6,0,0,0,0
2014-08-10,326037.4,0.917,3151258.04,49.85,3892.17,3168292.57,6118.41,1378391.45,26.0,59.9,0,0,0,0
2014-08-17,311692.2,0.806,3756871.21,50.06,3563.52,5021231.36,11540.36,3688271.24,30.9,70.5,0,1,1,1
2014-08-24,332524.94,0.872,4518797.82,50.14,4440.7,4580652.63,9119.86,2570459.05,31.0,64.4,0,0,0,0
2014-08-31,334328.78,0.816,3990852.78,49.96,4360.57,3389248.94,7174.93,2403227.18,32.1,55.1,0,0,0,0
2014-09-07,323998.52,0.836,3600279.11,50.21,3541.86,3640477.33,7756.92,2386605.98,25.4,82.6,0,0,0,0
2014-09-14,328327.49,0.948,3798090.03,50.47,4677.72,3871917.64,7182.08,1299920.18,29.4,65.0,0,0,0,0
2014-09-21,327625.27,0.821,4336248.01,49.84,4585.1,4827831.55,10357.93,3352606.02,29.9,57.3,0,0,1,0
2014-09-28,326733.35,0.875,4218693.43,49.72,4067.15,4135079.06,8352.27,2289730.69,26.6,68.3,0,0,0,0
2014-10-05,301495.62,0.893,3904427.16,50.33,4039.8,5267125.66,11298.35,2658599.59,25.7,70.7,0,1,1,1
2014-10-12,332024.91,0.905,3853270.24,50.14,4277.03,3309326.98,6355.98,1552095.14,32.8,52.5,0,0,0,0
2014-10-19,323695.58,0.884,3843296.74,49.95,3569.15,4539382.15,9159.53,2401222.29,28.7,73.3,0,0,1,0
2014-10-26,301889.8,0.801,3631035.93,50.34,4015.02,4176757.31,9966.56,3116629.55,29.9,59.5,0,1,1,1
2014-11-02,312511.98,0.849,4646150.28,50.21,2923.81,6557131.14,14269.04,4081497.56,29.5,52.1,0,1,1,1
2014-11-09,288389.52,0.878,3871071.81,50.09,4438.23,4740240.9,10812.74,2588652.96,28.3,40.2,1,1,1,1
2014-11-16,322403.15,0.813,4486863.41,49.88,3219.25,5222509.58,11500.92,3737874.71,30.3,31.0,0,0,1,0
2014-11-23,327578.83,0.853,4608526.42,50.34,4751.71,4660435.96,9634.03,2856484.72,31.6,27.5,0,0,0,0
2014-11-30,336334.56,0.805,4399324.36,50.4,3834.94,4135971.82,8819.83,3048369.02,28.8,34.0,0,0,0,0
2014-12-07,326461.65,0.812,3827351.87,49.85,3894.17,4562396.44,9939.36,3281932.61,32.0,41.1,0,0,1,0
2014-12-14,332219.1,0.86,4161492.04,49.89,3686.13,4322341.76,8739.14,2570011.24,26.9,34.7,0,0,0,0
2014-12-21,333873.17,0.82,3990321.76,50.17,3855.98,4278246.81,9023.17,2987264.43,28.6,32.8,0,0,0,0
2014-12-28,325365.35,0.885,3638519.26,49.92,4709.27,4269712.08,8559.71,2244723.94,34.0,35.6,0,0,1,0
2015-01-04,297087.95,0.903,4129743.71,50.05,2756.1,4622672.29,9943.93,2193890.7,33.8,29.0,0,0,1,1
2015-01-11,287840.35,0.92,3528384.08,49.94,4638.48,4945922.06,10782.16,2105641.61,30.8,31.6,0,0,1,1
2015-01-18,324878.06,0.83,4475071.76,49.62,4169.01,4434843.21,9495.27,2979972.64,28.9,14.1,0,1,0,0
2015-01-25,328737.16,0.825,3814153.08,50.0,3396.49,3954449.32,8417.02,2707576.57,28.9,44.7,0,0,0,0
2015-02-01,323761.08,0.816,4080463.86,49.86,3462.34,4313980.23,9431.27,3059538.96,30.9,38.0,0,0,0,0
2015-02-08,338162.06,0.895,4113315.15,49.9,4838.2,3701892.38,7058.13,1840200.11,33.9,27.3,0,0,0,0
2015-02-15,322849.29,0.906,3896438.01,50.29,3527.25,3787790.89,7476.72,1769945.08,34.8,54.0,0,0,0,0
2015-02-22,327799.78,0.805,4234677.52,49.75,3423.32,5018547.2,10983.84,3702026.91,30.5,35.9,0,0,1,0
2015-03-01,330653.7,0.94,3810038.54,50.16,4568.66,4338182.72,8054.65,1568327.71,28.5,24.6,0,0,1,0
2015-03-08,337206.37,0.808,4348518.92,49.94,4169.28,4538705.93,9619.98,3311972.66,32.8,43.6,0,0,0,0
2015-03-15,322820.69,0.881,3461608.13,49.94,3531.04,3718848.35,7547.7,1995133.33,29.5,39.0,0,0,0,0
2015-03-22,335815.82,0.906,4050551.83,50.16,4108.31,4133894.97,7841.47,1927056.04,30.4,38.9,0,0,0,0
2015-03-29,330051.17,0.931,4775571.6,50.07,3487.12,5662196.29,10642.87,2226330.77,36.0,30.7,0,0,1,0
2015-04-05,325092.46,0.907,3599867.47,50.11,4550.41,3707736.57,7259.05,1720335.11,30.5,74.5,0,0,0,0
2015-04-12,332310.52,0.92,3728902.01,50.19,4530.69,4001798.76,7555.1,1701630.5,28.5,67.4,0,0,0,0
2015-04-19,330995.3,0.851,4205563.14,49.93,4266.0,4897811.51,10039.96,3023579.71,24.2,75.6,0,0,1,0
2015-04-26,326998.92,0.922,4071832.71,49.88,4180.83,3958891.68,7579.32,1659826.65,28.6,51.0,0,0,0,0
2015-05-03,330349.01,0.812,4140252.04,49.78,4880.59,4992642.65,10745.62,3588437.83,31.2,65.7,0,0,1,0
2015-05-10,283192.43,0.934,4195674.85,50.29,3999.84,4742063.16,10348.44,1810543.29,26.9,87.2,1,1,1,1
2015-05-17,330567.59,0.882,4253888.59,50.59,3409.06,5159814.62,10215.89,2754915.63,32.1,62.3,0,0,1,0
2015-05-24,333310.65,0.923,4443879.94,50.25,4224.74,4500461.38,8449.6,1881808.44,31.9,64.0,0,0,0,0
2015-05-31,337930.08,0.868,4163927.46,49.73,5043.02,4271065.84,8408.24,2445123.26,33.0,65.5,0,0,0,0
2015-06-07,305335.1,0.897,3903496.94,49.39,3492.62,3818002.36,8052.5,1886435.77,28.9,57.9,0,1,0,1
2015-06-14,340665.17,0.879,4269029.48,50.1,3819.27,4288327.75,8268.57,2326704.43,29.8,47.9,0,0,0,0
2015-06-21,320239.56,0.91,4759952.77,50.11,4208.22,4503007.41,8923.81,2055060.02,32.2,67.7,0,0,0,0
2015-06-28,329241.07,0.812,3946946.5,50.11,3973.05,3904459.06,8429.45,2804005.29,29.3,71.4,0,0,0,0
2015-07-05,292786.26,0.809,3610188.28,49.7,3508.85,4579112.82,11160.74,3326493.87,26.5,69.5,1,0,1,1
2015-07-12,284394.83,0.837,4442832.27,50.12,4560.93,6073097.86,14728.84,3969352.87,26.7,68.6,1,1,1,1
2015-07-19,326886.5,0.824,3951847.53,50.07,5160.02,4231481.59,9070.76,2910355.97,28.7,70.4,0,0,0,0
2015-07-26,279946.86,0.931,3130932.18,50.0,4098.07,4002673.93,8868.96,1572276.33,24.1,80.2,0,1,1,1
2015-08-02,327535.0,0.833,4338968.67,49.56,3547.97,4080574.67,8636.14,2711543.36,27.6,68.1,0,0,0,0
2015-08-09,327053.18,0.946,3785868.73,49.95,3225.52,3641720.23,6793.01,1243137.53,31.3,64.3,0,0,0,0
2015-08-16,334248.01,0.851,3963786.69,49.83,4128.99,4874952.25,9900.32,3014378.24,21.4,67.2,0,0,1,0
2015-08-23,331785.08,0.827,4132792.13,50.04,4551.94,4035588.43,8488.23,2740094.35,32.6,75.8,0,1,0,0
2015-08-30,303841.61,0.918,4076199.87,50.33,4237.58,5704307.54,11801.5,2456519.42,31.4,84.1,0,0,1,1
2015-09-06,303878.79,0.899,4283780.73,49.99,3998.8,5684984.62,12017.17,2772557.69,26.6,63.7,0,1,1,1
2015-09-13,331536.5,0.875,3825805.45,49.94,3705.36,4017971.04,7999.1,2226009.65,29.6,71.0,0,0,0,0
2015-09-20,334064.31,0.883,4205242.32,50.18,3453.92,4865618.92,9520.0,2582348.8,28.0,73.4,0,0,1,0
2015-09-27,333148.14,0.908,3896181.33,50.1,4417.38,4586542.75,8755.05,2117916.15,31.7,60.1,0,0,1,0
2015-10-04,325855.02,0.834,4295524.19,50.08,4456.89,4462700.6,9477.79,2949350.48,30.9,70.2,0,0,0,0
2015-10-11,327199.09,0.949,4246146.99,50.12,3227.14,4293600.64,7979.52,1419599.29,23.8,55.3,0,0,0,0
2015-10-18,312320.91,0.946,3625824.52,50.39,4794.92,4167767.84,8142.36,1425024.26,29.8,52.3,0,0,1,1
2015-10-25,333051.85,0.898,4434392.85,49.77,4287.04,4805976.13,9282.2,2360904.44,27.4,73.7,0,0,0,0
2015-11-01,329895.49,0.83,3785614.62,50.09,4699.8,4312308.58,9093.49,2898659.23,32.2,31.2,0,0,1,0
2015-11-08,330586.64,0.902,4323223.12,49.81,3328.94,4541212.94,8792.31,2173177.37,29.8,37.0,0,0,0,0
2015-11-15,336388.32,0.811,4146914.93,50.11,3317.09,4610907.55,9760.12,3328296.07,37.2,34.8,0,0,1,0
2015-11-22,327042.14,0.805,4735273.47,49.82,3925.52,5747845.28,12611.36,4242101.44,35.1,25.2,0,0,1,0
2015-11-29,332735.49,0.839,3910613.61,49.92,4251.39,4255259.74,8804.09,2763599.43,29.8,34.5,0,1,0,0
2015-12-06,328989.04,0.869,3860273.28,49.94,4898.18,4173593.46,8424.65,2372065.24,28.0,22.7,0,0,0,0
2015-12-13,328911.59,0.93,3992232.16,50.2,4353.04,3585459.3,6765.65,1414345.92,30.8,48.9,0,0,0,0
2015-12-20,335493.88,0.909,3878728.09,50.18,3878.66,3052275.8,5778.01,1398866.33,33.3,21.4,0,0,0,0
2015-12-27,334127.08,0.911,4319976.76,49.75,3486.82,4703753.01,8917.85,2123788.75,32.7,33.0,0,0,0,0
2016-01-03,334067.55,0.864,3353475.76,50.01,4615.0,3489350.47,6981.11,2035035.84,35.8,24.6,0,0,0,0
2016-01-10,336527.39,0.852,3578527.03,49.86,3517.65,3573237.01,7196.1,2196734.78,34.4,40.7,0,1,0,0
2016-01-17,330105.02,0.856,3572878.83,49.75,4814.23,3838533.16,7846.09,2321745.18,34.9,31.7,0,0,0,0
2016-01-24,333409.76,0.948,4380123.04,49.96,3857.81,4572671.61,8351.32,1532816.52,33.0,29.8,0,0,0,0
2016-01-31,310909.33,0.806,4684245.35,50.35,4795.29,7025387.84,16185.72,5159050.88,27.8,43.5,1,0,1,1
2016-02-07,311918.46,0.93,3958220.31,50.97,4339.47,4902612.37,9757.02,1936792.34,31.4,35.3,0,1,1,1
2016-02-14,329349.28,0.887,3932471.31,50.09,3931.5,3835369.44,7581.65,1998778.45,35.2,40.2,0,0,0,0
2016-02-21,287097.33,0.866,4028020.87,49.26,3740.3,5966600.3,13858.73,3448526.49,31.8,25.2,1,0,1,1
2016-02-28,296606.18,0.909,4464751.32,50.22,3829.55,5657086.25,12116.83,2597366.72,33.5,21.0,0,1,1,1
2016-03-06,325908.9,0.873,3629058.75,50.2,4214.16,4001594.94,8120.11,2235573.32,31.0,36.1,0,0,1,0
2016-03-13,319933.7,0.931,4095347.59,50.84,4038.58,4826063.69,9354.41,1891959.48,28.9,31.8,0,1,1,1
2016-03-20,324969.91,0.935,4390079.05,49.68,3703.09,4324303.86,8215.84,1638749.89,31.6,41.3,0,0,0,0
2016-03-27,323929.06,0.863,4200437.67,49.62,3917.18,4445813.89,9179.1,2599548.07,32.9,34.2,0,0,0,0
2016-04-03,335790.55,0.842,4075832.65,50.37,4039.29,4284853.02,8754.68,2750676.8,26.0,72.1,0,0,0,0
2016-04-10,286955.53,0.889,4400418.44,50.3,2935.63,5450506.56,12337.63,2809673.96,27.3,53.8,1,1,1,1
2016-04-17,333120.6,0.937,2918707.08,49.83,4229.08,2986232.61,5524.45,1114733.83,25.2,88.9,0,0,0,0
2016-04-24,288459.36,0.832,4271150.13,50.53,3510.14,4072382.52,9801.42,2719703.64,31.4,68.4,1,1,0,1
2016-05-01,290905.81,0.893,3738369.73,49.68,3423.33,4330140.8,9618.81,2176945.17,27.1,77.0,1,1,1,1
2016-05-08,325513.73,0.895,3267746.84,50.0,3156.33,3690533.96,7315.86,1842100.71,32.4,61.6,0,0,1,0
2016-05-15,290740.99,0.91,4204481.04,49.97,3103.05,5310520.81,11588.96,2420055.88,32.6,73.1,1,0,1,1
2016-05-22,296283.62,0.82,4549463.42,49.94,3322.28,5878985.42,13975.28,4107602.78,27.8,57.0,0,1,1,1
2016-05-29,290502.77,0.907,3945020.59,49.89,3645.49,5741910.45,12576.49,2659837.84,25.0,74.5,1,1,1,1
2016-06-05,296925.82,0.936,4381149.82,50.41,4976.63,5221501.38,10842.92,1957627.05,21.7,66.4,1,1,1,1
2016-06-12,293479.66,0.827,4644911.3,49.54,3737.06,5029913.47,11965.79,3420001.51,23.6,70.3,0,1,0,1
2016-06-19,328393.07,0.836,4525965.78,50.05,4088.88,4679562.98,9845.46,3076043.99,23.9,77.0,0,0,0,0
2016-06-26,304698.94,0.946,4655985.81,50.31,4200.24,5215586.43,10449.94,1792451.2,32.1,57.7,0,1,1,1
2016-07-03,291036.15,0.827,4296851.0,49.88,4065.53,5211297.23,12498.44,3540699.83,28.3,63.2,1,0,1,1
2016-07-10,306075.83,0.928,4030173.46,49.33,3961.28,5322250.78,10816.43,2134198.13,29.2,74.6,0,1,1,1
2016-07-17,283909.82,0.874,3359213.68,50.34,3402.35,4086596.11,9510.16,2273805.75,21.3,91.0,1,1,1,1
2016-07-24,331224.83,0.837,3901575.0,50.17,4725.46,4093029.75,8522.99,2674983.4,24.4,68.6,0,0,0,0
2016-07-31,327465.28,0.931,3662701.36,49.95,4903.6,3958274.43,7499.13,1556772.85,30.7,75.9,0,0,0,0
2016-08-07,281560.06,0.867,4868377.09,50.21,3158.67,7180717.12,16987.1,4131030.58,28.9,68.9,0,0,1,1
2016-08-14,295328.65,0.877,3929645.68,49.3,3487.99,4465701.16,9952.07,2443976.03,27.6,89.4,0,1,1,1
2016-08-21,291449.01,0.854,4049281.92,49.51,3860.09,5646238.33,13098.95,3441506.61,29.7,52.5,1,0,1,1
2016-08-28,322962.68,0.889,4220594.15,49.99,3517.73,4216705.56,8479.82,2172614.26,32.9,70.9,0,0,0,0
2016-09-04,281439.84,0.825,4017440.98,50.97,4252.98,4623810.89,11503.98,3173020.51,27.3,53.7,0,1,1,1
2016-09-11,328932.76,0.859,4678020.42,49.78,3635.86,4638300.44,9481.32,2768636.05,28.2,44.9,0,0,0,0
2016-09-18,331554.54,0.945,3750940.26,50.29,5082.53,3758907.79,6923.49,1295673.58,28.6,73.0,0,0,0,0
2016-09-25,312840.86,0.839,4077842.98,49.87,4595.27,5550900.09,12214.12,3604080.17,35.2,71.4,1,1,1,1
2016-10-02,334288.3,0.899,3703011.77,50.06,4106.29,4758027.88,9145.81,2324453.62,21.7,67.2,0,0,1,0
2016-10-09,329200.31,0.849,3471991.0,50.35,4513.49,3396980.91,7019.04,2116157.22,30.0,68.9,0,1,0,0
2016-10-16,329904.92,0.916,3755292.36,50.07,4552.95,3786602.0,7234.27,1658172.86,27.7,101.0,0,0,0,0
2016-10-23,304378.03,0.82,3985185.28,49.71,3718.03,5070571.58,11734.5,3544141.68,29.7,67.4,0,1,1,1
2016-10-30,329907.43,0.945,3828279.11,49.99,3591.89,4171215.91,7720.77,1436915.62,26.0,75.1,0,0,0,0
2016-11-06,287571.26,0.868,3723031.61,50.12,4039.07,4494712.98,10395.42,2570506.79,31.9,28.5,0,0,1,1
2016-11-13,305769.88,0.835,3437473.01,49.77,4430.82,4983389.84,11263.44,3278669.53,34.1,38.0,0,0,1,1
2016-11-20,286786.45,0.811,3966757.77,49.6,4069.53,3876453.47,9622.35,2796182.39,41.3,32.6,0,1,0,1
2016-11-27,314754.57,0.825,3398111.85,49.68,3211.5,3471000.4,7713.01,2373483.36,34.4,30.9,0,1,0,1
2016-12-04,312112.65,0.878,4304022.39,49.68,3598.59,4789054.7,10090.21,2611296.5,29.5,53.2,0,1,1,1
2016-12-11,329456.2,0.851,4032975.9,49.84,3963.01,4677163.22,9636.61,2891879.34,30.7,46.8,0,0,1,0
2016-12-18,332008.56,0.924,3416979.4,49.99,3962.17,3052849.66,5743.38,1260294.18,30.6,36.4,0,0,0,0
2016-12-25,333450.72,0.865,3876316.37,50.25,4986.27,2904278.74,5815.86,1687560.37,26.6,12.0,0,0,0,0
2017-01-01,327993.9,0.837,3699137.44,49.91,3307.01,4095381.42,8609.6,2674143.37,31.0,31.4,0,0,1,0
2017-01-08,331120.46,0.893,4127669.8,49.99,4252.79,4434626.95,8662.98,2240264.96,34.2,62.0,0,0,0,0
2017-01-15,330062.96,0.906,4536180.18,50.01,4744.56,4268451.01,8240.94,1993990.61,28.2,32.7,0,0,0,0
2017-01-22,297650.11,0.825,3249931.01,50.05,5135.72,3673438.96,8636.2,2515802.55,35.1,46.0,0,1,1,1
2017-01-29,326134.95,0.825,4046010.43,49.55,3797.8,3855951.63,8272.65,2639930.61,33.5,49.4,0,0,0,0
2017-02-05,330122.55,0.806,3935946.88,49.88,4245.71,4176250.34,9067.44,3072404.78,29.8,37.2,0,0,0,0
2017-02-12,286115.68,0.91,4268536.03,50.31,4284.88,5216539.88,11561.63,2369727.12,31.6,26.6,1,1,1,1
2017-02-19,337255.72,0.9,4085278.65,50.24,4097.74,4491381.46,8547.22,2180733.74,36.8,10.6,0,0,0,0
2017-02-26,334796.35,0.871,3699212.27,49.9,3950.58,2828185.88,5598.24,1593746.43,34.2,41.8,0,0,0,0
2017-03-05,305687.19,0.927,3872378.43,49.34,4217.99,4508386.13,9189.23,1829312.34,32.0,26.9,1,1,1,1
2017-03-12,326163.26,0.921,3681589.66,50.12,2733.88,3451102.28,6633.96,1461300.39,31.3,36.8,0,0,0,0
2017-03-19,334361.6,0.888,4430402.86,49.87,4341.03,4538353.75,8826.83,2352612.16,32.2,22.5,0,0,0,0
2017-03-26,330916.71,0.93,4008524.66,49.76,4063.09,3993273.12,7489.53,1575217.39,30.5,32.3,0,0,0,0
2017-04-02,290183.31,0.831,4760476.27,49.43,3888.76,6984128.71,16724.1,4677435.42,21.7,70.3,0,0,1,1
2017-04-09,325958.51,0.817,3975735.67,49.96,5023.43,3435299.3,7449.59,2426522.98,34.1,72.7,0,0,0,0
2017-04-16,288432.76,0.84,3716637.29,50.35,3662.53,4561115.95,10862.95,2940679.9,28.5,58.9,0,1,1,1
2017-04-23,327003.04,0.809,3394514.24,49.56,3798.46,3753768.05,8196.74,2731701.78,29.2,82.0,0,0,1,0
2017-04-30,272243.53,0.88,3278744.13,50.58,4995.78,4877468.63,11758.55,2636881.52,27.8,64.0,0,1,1,1
2017-05-07,309466.53,0.94,3366345.62,50.18,3583.97,3826043.16,7589.64,1382429.36,25.8,53.3,1,1,1,1
2017-05-14,326204.34,0.806,4106850.66,50.13,3724.94,4445443.5,9762.99,3265812.16,27.4,68.9,0,0,0,0
2017-05-21,330751.97,0.818,4203490.01,49.77,3926.49,3655412.59,7797.44,2567483.13,23.2,70.3,0,0,0,0
2017-05-28,312985.33,0.868,3367523.72,50.41,4420.37,3066149.18,6517.4,1755472.52,34.8,71.6,1,0,0,1
2017-06-04,310406.3,0.94,4358015.33,49.53,4103.9,6317418.29,12499.23,2291213.52,24.3,83.6,1,1,1,1
2017-06-11,314739.84,0.847,3806775.58,50.13,3353.69,4722500.05,10222.55,2958684.64,24.9,67.6,1,1,1,1
2017-06-18,327115.48,0.876,4058717.2,50.13,3733.92,4739978.04,9549.23,2608661.98,26.7,68.8,0,0,1,0
2017-06-25,325507.93,0.806,4644888.25,49.85,3696.32,4239202.37,9326.09,3110612.16,31.9,59.0,0,0,0,0
2017-07-02,332459.6,0.822,4358735.73,50.02,3961.39,4803284.12,10144.58,3324610.44,28.0,78.2,0,1,1,0
2017-07-09,323398.83,0.948,3892587.74,50.09,4212.92,4814670.87,9066.96,1616513.01,24.3,71.8,0,0,1,0
2017-07-16,320468.9,0.945,3643523.11,50.73,4209.1,4680708.07,8925.65,1623740.05,31.8,65.8,0,0,1,1
2017-07-23,307703.6,0.801,3139273.84,50.01,3111.99,4253256.21,9966.35,3181735.57,30.2,51.0,0,0,1,1
2017-07-30,285205.07,0.943,3712338.67,49.74,4531.97,4775010.12,10252.97,1688821.64,29.6,84.4,0,1,1,1
2017-08-06,321434.33,0.896,3915547.9,50.02,4126.28,3496239.14,7009.78,1734016.73,30.1,57.7,0,0,0,0
2017-08-13,336769.36,0.93,3605128.19,50.28,4692.27,4274086.02,7877.34,1686701.6,35.2,64.1,0,0,1,0
2017-08-20,280481.92,0.868,3947497.21,50.36,4222.1,4928307.71,11684.42,2816599.64,34.6,73.6,0,1,1,1
2017-08-27,300336.03,0.877,4030740.75,49.57,4550.66,5430429.54,11898.67,2970232.74,25.9,58.0,0,1,1,1
2017-09-03,322027.86,0.873,3910057.61,50.28,4233.27,3494405.07,7173.68,1949149.77,32.9,55.1,0,0,0,0
2017-09-10,327003.12,0.9,3739998.97,50.14,4673.11,3485881.12,6838.22,1687996.65,29.1,48.8,0,0,0,0
2017-09-17,330026.22,0.821,4067461.87,49.91,4261.13,4854551.29,10344.86,3376543.2,29.5,77.2,0,0,1,0
2017-09-24,330234.9,0.804,4176776.26,49.9,3951.04,4240554.68,9215.42,3130794.09,22.9,64.5,0,0,0,0
2017-10-01,280147.81,0.846,3563840.37,50.52,5136.22,4747189.32,11561.68,2989510.38,27.5,99.3,1,1,1,1
2017-10-08,283543.67,0.906,4564372.95,50.09,4444.52,5565561.15,12512.47,2604966.02,25.6,60.1,1,0,1,1
2017-10-15,278069.64,0.83,3960564.75,50.17,4286.87,4057890.52,10147.58,2723982.83,30.5,60.8,1,0,0,1
2017-10-22,291049.23,0.901,4007539.85,50.12,3361.85,5563519.51,12248.72,2678523.16,31.2,64.3,0,0,1,1
2017-10-29,290059.84,0.945,4283285.77,50.01,3355.85,4945515.2,10411.37,1703417.18,21.8,72.4,0,1,1,1
2017-11-05,301611.95,0.814,4093286.45,50.1,4146.36,5341055.85,12558.8,3810160.13,31.9,30.3,0,1,1,1
2017-11-12,333558.07,0.901,4381254.65,50.04,4072.76,4611362.91,8859.83,2221743.68,35.4,41.1,0,0,0,0
2017-11-19,324376.79,0.867,4114849.67,50.19,3692.94,3685622.2,7570.08,2122614.24,31.4,25.2,0,0,0,0
2017-11-26,303598.96,0.93,3755025.05,49.98,4070.49,5001113.53,10223.97,1973082.71,34.2,21.2,1,0,1,1
2017-12-03,288045.19,0.827,4144601.41,50.2,4794.31,5986847.96,14517.64,4076568.72,33.1,17.0,1,1,1,1
2017-12-10,331661.57,0.904,3542509.52,50.36,4347.7,3894275.92,7499.87,1842918.5,33.0,12.8,0,0,0,0
2017-12-17,326257.57,0.926,4043423.88,49.96,3429.5,4222338.21,8071.48,1725101.95,31.2,29.8,0,0,0,0
2017-12-24,337755.76,0.942,3986708.0,49.83,3944.25,4614751.42,8376.76,1648895.5,28.4,32.0,0,0,1,0
2017-12-31,306897.0,0.902,3916753.26,49.67,3597.52,5044557.21,10515.47,2407540.91,28.6,28.7,1,1,1,1
2018-01-07,335896.49,0.875,3948585.0,49.78,3806.15,4228750.62,8310.91,2344530.65,34.1,47.4,0,0,0,0
2018-01-14,330337.59,0.893,3247260.38,49.84,3793.19,3055144.28,5981.62,1542488.12,32.1,47.3,0,0,0,0
2018-01-21,340303.74,0.93,3780510.04,49.93,3761.18,4057942.02,7400.12,1599512.16,31.6,31.7,0,0,0,0
2018-01-28,338776.7,0.886,4037137.96,49.72,3372.43,4657017.65,8961.9,2442460.13,30.7,17.1,0,0,1,0
2018-02-04,328755.18,0.805,4063942.56,50.0,3936.17,3927368.83,8572.57,2898935.9,31.1,29.3,0,0,0,0
2018-02-11,334857.85,0.94,3588929.94,50.18,3719.7,4279618.01,7852.74,1558366.47,35.1,29.0,0,0,1,0
2018-02-18,333226.88,0.903,4506283.14,49.82,2535.28,4690271.96,8995.04,2225848.86,31.0,28.4,0,0,0,0
2018-02-25,336843.16,0.901,3653530.06,50.3,5026.49,3511857.3,6677.19,1686151.3,28.0,28.0,0,0,0,0
2018-03-04,301157.56,0.832,4387782.88,50.59,4544.38,5557559.75,12800.39,3700683.89,34.2,28.5,0,0,1,1
2018-03-11,333430.26,0.899,4170877.74,50.21,3811.85,4259803.26,8206.25,2077178.44,31.4,31.1,0,0,0,0
2018-03-18,289018.23,0.859,3741509.08,50.28,4009.41,5474867.96,12730.76,3261940.63,32.1,28.6,0,0,1,1
2018-03-25,321206.3,0.898,4710124.36,50.17,3414.17,4808208.63,9627.53,2360158.58,36.8,37.1,0,0,0,0
2018-04-01,284385.22,0.816,3522545.27,50.12,4847.86,4261520.3,10602.61,3018970.22,27.9,73.6,0,1,1,1
2018-04-08,285502.41,0.899,4367661.67,50.61,4948.64,5556352.65,12503.05,2711853.68,28.9,60.9,0,0,1,1
2018-04-15,328652.97,0.95,4400232.93,50.03,4078.35,4748246.05,8781.15,1562154.26,24.5,82.7,0,0,0,0
2018-04-22,333587.71,0.807,3731751.92,50.11,4511.77,3173656.56,6804.42,2320525.16,27.3,60.2,0,0,0,0
2018-04-29,303543.68,0.947,4556986.12,49.96,4087.64,4933047.99,9912.38,1680595.4,29.8,53.8,0,1,0,1
2018-05-06,330370.47,0.861,3899981.39,49.82,3331.64,4457448.63,9046.97,2632650.45,23.3,73.8,0,0,1,0
2018-05-13,338143.08,0.931,4115477.45,50.12,3794.09,4266870.81,7828.51,1678135.35,28.6,61.8,0,0,0,0
2018-05-20,323099.49,0.917,4104128.74,49.81,4065.96,4094389.1,7975.42,1776653.78,28.3,73.2,0,0,0,0
2018-05-27,321483.09,0.885,3946276.5,50.09,3772.73,3607459.46,7320.04,1897335.16,28.1,46.0,0,0,0,0
2018-06-03,280605.64,0.911,4324323.31,49.86,3890.67,4801897.02,10847.97,2177063.53,31.1,83.9,0,1,1,1
2018-06-10,331920.33,0.932,4317395.49,50.17,3954.3,3660374.83,6833.12,1426120.73,29.0,76.7,0,0,0,0
2018-06-17,329836.53,0.861,3300587.21,49.75,3959.56,3432187.99,6980.71,2030891.23,32.4,55.0,0,0,0,0
2018-06-24,319662.79,0.849,4521736.1,50.11,4026.13,4477225.22,9524.02,2785848.18,25.0,55.2,0,0,0,0
2018-07-01,329554.4,0.9,3335003.2,50.13,3469.7,3179395.99,6187.96,1538599.78,28.4,86.7,0,0,0,0
2018-07-08,323477.65,0.921,4413018.48,49.86,3641.49,4603606.41,8919.7,1944758.19,28.3,62.6,0,0,0,0
2018-07-15,333348.36,0.914,4450682.05,50.12,3357.71,4835207.91,9158.98,2141400.9,24.8,61.7,0,0,0,0
2018-07-22,331832.99,0.92,3563613.43,50.05,4488.91,4487728.93,8490.11,1916198.51,30.9,47.3,0,0,1,0
2018-07-29,303657.33,0.865,3835674.28,49.95,2947.18,3813743.69,8379.57,2208859.18,35.0,66.5,0,1,0,1
2018-08-05,296121.7,0.923,3557718.13,49.97,4576.8,4578913.9,9675.71,1913490.05,27.9,67.7,1,1,1,1
2018-08-12,324703.93,0.818,3914031.59,49.61,4693.17,4490608.19,9760.84,3157433.22,29.5,77.2,0,0,1,0
2018-08-19,329686.6,0.882,3876786.29,50.07,3848.91,3768588.0,7485.3,2016899.77,28.3,56.0,0,0,0,0
2018-08-26,334775.71,0.801,4311864.21,49.69,2698.43,4615090.01,9938.18,3450937.19,25.9,54.8,0,0,0,0
2018-09-02,287472.1,0.849,4524123.5,50.19,3819.34,5204955.36,12317.22,3243677.54,22.5,74.5,0,1,1,1
2018-09-09,332520.23,0.855,4558273.52,49.95,3967.91,4870829.13,9891.76,2954954.79,25.9,80.1,0,0,0,0
2018-09-16,327348.71,0.859,3775132.79,50.14,3494.7,4533606.43,9303.88,2696978.38,23.8,54.3,0,1,1,0
2018-09-23,326035.64,0.904,3916311.25,49.94,3742.39,4349301.06,8516.7,2052946.68,33.1,80.8,0,0,1,0
2018-09-30,329464.85,0.858,3326624.72,49.93,4765.1,3662150.88,7477.14,2189632.6,27.7,70.4,0,0,1,0
2018-10-07,324823.79,0.867,3677651.97,50.15,4332.46,3703281.78,7589.39,2125454.2,27.0,80.9,0,0,0,0
2018-10-14,327231.75,0.836,4385940.65,50.07,3537.72,3954339.24,8349.16,2599327.27,30.7,69.3,0,0,0,0
2018-10-21,324010.61,0.856,4646233.13,50.06,3201.2,4781685.6,9953.91,2888023.36,24.6,44.8,0,0,0,0
2018-10-28,300678.34,0.834,3506260.45,49.94,3836.49,5004117.01,11519.98,3309484.76,25.7,68.5,1,1,1,1
2018-11-04,330176.32,0.811,3763014.3,49.69,3893.27,3376489.56,7280.3,2435941.93,32.2,45.6,0,0,0,0
2018-11-11,326501.37,0.891,3989437.7,50.15,4248.1,3767988.25,7482.07,1924998.0,35.1,26.1,0,0,0,0
2018-11-18,331069.9,0.9,4112064.46,50.12,3732.34,4369589.79,8464.59,2113417.86,33.5,31.1,0,1,0,0
2018-11-25,299118.76,0.893,3676158.59,49.3,4255.75,4477888.83,9679.54,2257732.82,32.7,33.2,1,0,1,1
2018-12-02,328895.15,0.87,4169624.42,49.95,4967.58,4047653.13,8171.53,2299070.74,32.2,6.0,0,0,0,0
2018-12-09,333070.83,0.857,3810464.26,49.99,4407.75,3839576.75,7766.43,2309073.82,33.2,51.7,0,0,0,0
2018-12-16,311396.91,0.93,3994219.09,49.87,3975.96,4038161.88,8054.89,1602326.88,32.6,26.0,1,1,0,1
2018-12-23,327347.49,0.878,4218513.7,50.07,3908.42,4018504.75,8073.62,2192274.32,28.9,40.1,0,0,0,0
2018-12-30,289114.15,0.872,4002568.91,50.04,3821.66,5465221.31,12517.64,3069758.07,32.1,34.1,0,0,1,1
2019-01-06,328624.74,0.804,3825445.64,50.22,4590.32,3516590.72,7685.78,2602236.78,28.8,47.6,0,0,0,0
2019-01-13,318490.39,0.851,3956156.08,49.74,3686.34,3521820.73,7500.41,2171638.45,32.2,39.1,0,0,0,0
2019-01-20,322424.04,0.857,3964654.82,50.12,4022.61,3913104.4,8175.94,2352656.83,30.6,32.7,0,0,0,0
2019-01-27,336834.37,0.86,3851995.59,50.27,4025.6,4326544.3,8624.92,2569244.74,39.6,26.1,0,0,1,0
2019-02-03,338224.84,0.887,3896481.57,50.08,3749.11,4014575.43,7725.69,2089689.69,31.9,43.0,0,0,0,0
2019-02-10,328754.82,0.88,4639458.87,50.22,3313.77,4655891.33,9291.11,2512472.75,27.8,16.3,0,0,0,0
2019-02-17,332882.78,0.891,4224367.78,50.4,4161.49,4454324.96,8668.85,2267376.34,31.6,41.5,0,0,0,0
2019-02-24,331556.25,0.915,3881807.87,50.2,3969.5,3398248.18,6469.09,1501090.35,33.6,24.0,0,0,0,0
2019-03-03,315570.64,0.922,4278781.76,50.43,4250.12,5676219.34,11264.08,2384602.61,37.0,47.5,1,1,1,1
2019-03-10,335597.87,0.908,3866472.2,50.21,3733.2,4208049.9,7975.35,1945110.45,30.2,36.6,0,0,0,0
2019-03-17,329360.41,0.943,4469249.86,50.03,4610.41,4509782.16,8380.32,1586528.38,27.3,41.4,0,0,0,0
2019-03-24,325222.3,0.803,4147856.88,50.0,3561.61,4772492.81,10554.37,3545391.66,34.5,35.8,1,0,1,0
2019-03-31,321967.77,0.829,3957079.14,49.93,4856.02,3708773.97,8018.83,2498423.5,27.9,17.5,0,0,0,0
2019-04-07,331017.32,0.801,4179086.77,50.31,3126.18,4859404.06,10579.53,3630199.38,26.7,61.4,0,0,1,0
2019-04-14,298957.95,0.897,3371649.54,49.58,4217.39,4574310.78,9847.0,2252604.84,27.2,76.7,0,0,1,1
2019-04-21,322888.73,0.935,3549293.01,50.31,4237.72,3607305.29,6900.73,1371693.9,27.8,71.7,0,0,0,0
2019-04-28,326767.14,0.837,3522430.0,50.1,3602.22,3691551.15,7797.09,2418013.12,30.1,81.8,0,0,0,0
2019-05-05,324592.26,0.939,4057177.24,49.72,4212.2,4216516.88,7986.64,1543569.57,25.9,74.0,0,0,0,0
2019-05-12,338435.71,0.809,4693006.0,50.07,4639.76,5500335.8,11597.98,3995897.4,27.2,60.3,0,0,1,0
2019-05-19,334408.2,0.94,4892520.06,49.58,2891.59,4610378.64,8466.32,1670813.16,28.0,62.0,0,0,0,0
2019-05-26,288537.36,0.853,4255220.44,50.39,4251.37,4615154.96,10829.42,2826916.22,28.4,71.0,0,1,0,1
2019-06-02,316906.09,0.815,4200337.79,50.31,2753.36,5545628.94,12393.34,3939843.92,28.3,46.9,0,1,1,1
2019-06-09,330386.84,0.873,3279576.91,49.88,3517.17,3248245.49,6502.95,1815744.02,29.3,86.7,0,0,0,0
2019-06-16,325693.58,0.839,3782930.48,50.02,4814.58,4312742.41,9117.42,2802462.27,30.5,74.4,0,0,1,0
2019-06-23,337615.62,0.843,3684886.5,50.39,3709.11,4495353.7,9122.04,2871623.82,29.2,82.3,0,0,1,0
2019-06-30,332694.55,0.846,3751660.96,49.9,3413.06,3788504.14,7770.39,2386737.98,29.4,54.2,0,0,0,0
2019-07-07,324813.77,0.92,3932742.47,49.79,3901.03,4397341.85,8491.67,1867237.77,23.3,82.4,0,0,1,0
2019-07-14,329048.31,0.881,3811163.77,50.3,5033.95,3562030.94,7095.18,1914108.74,28.2,92.3,1,0,0,0
2019-07-21,278322.02,0.847,3208280.08,50.51,3084.16,4134823.36,10130.27,2598385.71,29.4,56.8,1,1,1,1
2019-07-28,323086.0,0.892,4299164.1,50.0,3474.35,4599857.95,9219.77,2336803.78,30.2,77.7,0,0,0,0
2019-08-04,334630.89,0.907,3570902.79,50.2,4748.72,3918365.3,7450.21,1814559.77,25.9,70.0,0,0,0,0
2019-08-11,339547.08,0.841,4095698.75,50.27,4928.85,4036076.81,8161.27,2597625.53,26.0,54.6,0,0,0,0
2019-08-18,323007.16,0.862,4829633.07,49.85,3948.28,4268872.38,8851.5,2509989.02,26.3,74.9,0,0,0,0
2019-08-25,332814.85,0.818,3632246.16,49.9,3380.47,3996652.01,8472.85,2807510.98,29.6,78.3,0,0,1,0
2019-09-01,326746.79,0.827,2987884.99,50.25,5047.92,2520758.11,5384.72,1712503.42,31.1,64.0,0,0,0,0
2019-09-08,327564.37,0.902,3885598.31,50.34,4797.22,3956568.57,7729.9,1891894.93,26.8,81.7,0,0,0,0
2019-09-15,327038.03,0.827,4440383.85,50.11,4339.47,5080323.92,10842.11,3450798.47,30.7,53.3,0,0,1,0
2019-09-22,325680.05,0.879,4783338.98,49.82,3593.8,5114297.12,10317.08,2777428.03,28.4,55.1,0,0,0,0
2019-09-29,288101.62,0.906,3508180.16,50.75,3975.49,5025692.9,11111.95,2342807.43,27.6,71.4,0,1,1,1
2019-10-06,325845.25,0.816,4198679.69,49.89,3919.82,4839024.17,10507.0,3427553.4,27.4,70.3,0,0,1,0
2019-10-13,291881.34,0.885,3813875.82,49.84,4165.43,4391808.47,9814.89,2309327.02,30.2,62.8,0,0,1,1
2019-10-20,329748.81,0.838,3957620.66,50.07,4725.5,4166311.29,8699.87,2707658.63,29.0,78.1,0,0,0,0
2019-10-27,328805.26,0.944,5057737.34,50.31,4439.71,5286665.35,9828.98,1839881.97,34.8,75.3,0,0,0,0
2019-11-03,325462.18,0.873,3398811.87,50.17,3461.31,3031000.35,6162.31,1697149.7,29.4,43.6,0,0,0,0
2019-11-10,301568.13,0.921,4101495.86,50.35,4688.25,4639262.12,9644.75,1963724.36,33.6,33.8,0,1,1,1
2019-11-17,297328.32,0.883,4187077.27,49.8,4156.57,4979402.38,10955.92,2653220.37,30.4,41.0,0,1,1,1
2019-11-24,332504.59,0.807,4434314.53,50.01,4343.53,3753106.04,8080.19,2751234.63,29.4,30.5,0,0,0,0
2019-12-01,325112.22,0.895,4039193.26,50.11,4733.27,4260336.45,8453.57,2123668.25,32.0,55.5,0,0,0,0
2019-12-08,330496.66,0.943,4123220.22,49.49,3444.21,4226683.42,7832.38,1495763.5,32.4,26.9,0,0,0,0
2019-12-15,333756.94,0.89,3843340.57,49.94,3982.09,3392557.5,6592.17,1735787.15,40.8,56.1,0,0,0,0
2019-12-22,321652.97,0.923,4107650.78,50.05,3734.27,4479069.84,8711.55,1868992.27,31.4,35.3,0,0,0,0
2019-12-29,297255.4,0.933,3862723.09,49.4,3216.07,5160181.36,10746.44,1996456.03,28.6,21.2,1,1,1,1
2020-01-05,326686.88,0.834,4248628.76,50.08,4173.35,4557518.72,9655.17,3012682.73,32.8,48.7,0,0,0,0
2020-01-12,332852.99,0.832,3852155.87,49.96,5255.78,3919927.55,8174.15,2615771.17,25.8,36.3,0,0,0,0
2020-01-19,326183.7,0.892,4150840.16,50.35,3079.96,4603880.35,9139.2,2337605.61,31.7,43.5,0,0,1,0
2020-01-26,320975.59,0.862,3988294.87,50.31,3983.86,4459001.56,9308.33,2626255.49,32.0,47.2,0,0,1,0
2020-02-02,321862.29,0.926,4450420.1,49.91,4320.27,4809748.61,9317.31,1961208.85,34.4,38.4,0,0,0,0
2020-02-09,330240.42,0.935,3979442.51,49.97,4061.54,3850264.93,7199.24,1460371.53,34.9,29.1,0,0,0,0
2020-02-16,295238.87,0.853,3290787.01,50.0,3943.44,3924851.93,8997.74,2401297.32,30.5,44.8,1,1,1,1
2020-02-23,325478.42,0.836,4504768.6,49.91,3350.39,5268543.4,11185.24,3464588.01,31.5,35.0,0,0,1,0
2020-03-01,333192.96,0.917,3637707.08,50.04,4116.39,3602556.26,6806.87,1566234.58,29.7,41.9,0,0,0,0
2020-03-08,321692.4,0.841,3738493.46,49.85,3621.62,4709731.39,10048.12,3027162.19,28.6,13.5,0,0,1,0
2020-03-15,304230.74,0.923,3761735.48,49.75,2905.04,4506434.61,9261.54,1873343.68,32.9,39.5,1,1,1,1
2020-03-22,323944.92,0.864,4549775.24,50.12,4597.3,4792008.46,9889.92,2798118.77,28.2,28.6,0,0,0,0
2020-03-29,326740.82,0.9,3145730.31,50.13,4479.19,3091471.0,6068.69,1496107.52,30.8,51.5,1,0,0,0
2020-04-05,330236.99,0.814,5255099.41,49.84,4025.83,5635185.43,12098.21,4016394.06,25.0,76.2,0,0,0,0
2020-04-12,325697.93,0.894,4422422.72,50.18,4114.54,3873059.78,7683.26,1945704.45,29.6,72.4,0,0,0,0
2020-04-19,328077.22,0.868,4089295.57,49.87,4537.16,4070467.71,8254.78,2331182.12,33.4,74.9,0,0,0,0
2020-04-26,335031.46,0.888,3978042.4,50.05,4112.17,3742494.08,7262.84,1938109.69,24.1,60.0,0,0,0,0
2020-05-03,327115.54,0.825,4114221.63,50.16,4452.01,4375613.91,9358.73,2995037.08,22.4,86.2,0,0,0,0
2020-05-10,334178.46,0.911,4208448.97,49.99,3851.26,4837379.52,9178.6,2196486.76,27.6,89.9,0,0,1,0
2020-05-17,324351.47,0.929,4258086.23,50.09,4655.99,4746065.55,9089.61,1884418.84,28.0,73.9,0,0,1,0
2020-05-24,332649.02,0.833,4222241.79,49.9,4160.39,3431981.95,7154.98,2283870.66,28.7,85.9,0,0,0,0
2020-05-31,337207.84,0.814,4035832.27,49.96,4097.03,5061768.95,10642.14,3607346.45,26.7,64.3,0,0,1,0
2020-06-07,317641.78,0.804,3921064.63,49.96,3364.97,4232899.04,9574.79,3135606.38,27.4,62.0,0,0,0,0
2020-06-14,326015.52,0.896,3939490.69,49.85,4143.48,3830564.11,7568.55,1895233.71,29.1,70.4,0,0,0,0
2020-06-21,332885.36,0.891,3922036.69,49.96,3584.02,4179764.67,8135.56,2129028.67,31.1,74.3,0,0,0,0
2020-06-28,328984.77,0.882,4453508.04,49.69,3680.86,4754649.72,9460.44,2540332.3,22.1,66.1,0,0,0,0
2020-07-05,331855.73,0.835,4237422.69,49.9,3592.31,4166721.84,8683.73,2748052.82,26.9,75.4,0,0,0,0
2020-07-12,326980.07,0.859,2823844.55,49.94,3466.88,3020925.36,6212.25,1803423.32,28.6,73.1,0,0,0,0
2020-07-19,330432.95,0.889,4262360.31,49.95,5062.39,4216551.75,8285.68,2169868.61,25.2,60.0,0,0,0,0
2020-07-26,329221.61,0.875,4077894.48,49.95,4665.67,4116894.65,8255.69,2283193.91,33.2,75.2,0,0,0,0
2020-08-02,335838.91,0.948,3992516.5,49.99,4960.18,3918144.25,7104.01,1313131.12,26.1,78.6,0,0,0,0
2020-08-09,331272.1,0.82,3844592.62,50.1,3388.55,3486018.5,7404.98,2429035.15,27.9,71.7,0,0,0,0
2020-08-16,331688.01,0.904,4449645.09,50.17,4035.63,4737019.4,9118.34,2236613.27,29.7,81.5,0,0,0,0
2020-08-23,327940.62,0.861,4379010.58,49.87,3353.25,4854264.36,9929.84,2872016.51,26.2,57.8,0,0,1,0
2020-08-30,327561.97,0.864,3690848.93,49.76,3652.15,4065427.14,8291.3,2366620.45,22.5,74.7,0,0,1,0
2020-09-06,327837.21,0.908,4162820.91,49.79,3540.94,4712282.16,9143.22,2179258.47,26.7,58.3,0,0,1,0
2020-09-13,331972.26,0.904,3611337.31,49.9,4619.79,3909034.36,7521.48,1850221.18,31.1,58.9,0,0,0,0
2020-09-20,327895.08,0.949,3448152.73,49.93,3801.89,3436868.48,6378.87,1145561.23,27.0,63.7,0,0,0,0
2020-09-27,331448.87,0.819,3749313.11,49.85,4534.19,4251595.04,9039.69,2975815.8,25.5,60.6,0,0,1,0
2020-10-04,340377.0,0.816,4344957.39,49.74,4302.06,3972369.67,8261.19,2817972.99,30.8,64.5,0,0,0,0
2020-10-11,334355.62,0.909,4381250.02,49.91,5151.82,4205705.87,7992.32,1932668.8,27.0,67.9,0,0,0,0
2020-10-18,328369.88,0.887,4205234.17,50.04,3260.28,4010027.17,7950.94,2090277.66,26.5,78.4,0,0,0,0
2020-10-25,336006.07,0.841,4290038.31,50.12,4629.62,4967888.42,10148.55,3194348.53,28.4,66.8,0,0,1,0
2020-11-01,327959.62,0.812,4206471.31,49.89,4573.22,4813376.16,10436.61,3460895.74,34.3,19.1,0,0,1,0
2020-11-08,319809.38,0.813,3743407.36,49.92,3513.31,4112995.93,9134.75,2947309.26,39.1,46.4,1,0,0,0
2020-11-15,324959.57,0.934,4172769.02,49.81,4503.57,4828699.04,9184.03,1845076.92,34.5,26.6,0,0,1,0
2020-11-22,320646.04,0.829,4320163.81,49.99,4168.07,4156307.44,9029.88,2806249.07,35.5,34.4,0,0,0,0
2020-11-29,328242.43,0.849,4301716.53,49.83,3886.26,4666758.1,9673.98,2910509.4,30.5,39.5,0,0,0,0
2020-12-06,330092.09,0.834,4475565.35,50.11,3588.03,4643320.98,9737.95,3071984.35,28.9,37.0,0,0,0,0
2020-12-13,338382.19,0.853,4283321.54,49.64,3640.45,4860234.45,9718.81,2970557.88,32.2,45.9,0,0,1,0
2020-12-20,307774.21,0.81,4140579.28,49.71,5024.91,5075983.28,11749.53,3669492.39,32.3,39.8,1,1,1,1
2020-12-27,293464.34,0.878,4428060.1,50.35,4000.34,5799310.16,12996.78,3163835.27,28.8,26.4,0,1,1,1
2021-01-03,334147.03,0.81,3989391.5,50.04,4391.07,4404650.66,9394.03,3187287.76,31.5,56.8,0,0,1,0
2021-01-10,318944.32,0.92,3647250.14,50.54,3604.55,4149173.46,8163.44,1766871.54,33.2,36.9,0,0,1,0
2021-01-17,331178.07,0.835,3934773.21,50.07,3610.07,3868533.2,8076.22,2548720.74,33.1,33.5,0,0,0,0
2021-01-24,333854.33,0.881,3702038.94,49.8,4540.99,3864530.44,7585.82,2075318.54,33.5,44.6,0,0,0,0
2021-01-31,298900.39,0.932,3729928.69,49.95,3325.21,4097318.75,8491.63,1593308.14,32.9,37.5,1,1,0,1
2021-02-07,311191.02,0.898,3942192.53,49.3,3792.39,3937796.22,8138.93,1933499.22,30.5,39.0,1,0,0,1
2021-02-14,331692.48,0.88,3683032.03,49.98,4017.01,3941013.56,7795.73,2127737.32,30.5,59.9,0,0,0,0
2021-02-21,304229.3,0.849,3876815.39,49.72,4055.69,5021960.75,11230.08,3130135.54,28.4,32.2,0,0,1,1
2021-02-28,333163.91,0.85,3242554.13,50.18,3910.45,3489658.42,7114.93,2163151.85,37.4,31.8,0,0,0,0
2021-03-07,341353.46,0.9,4085317.48,49.89,4197.91,3493125.5,6561.49,1687610.26,32.0,36.2,0,0,0,0
2021-03-14,330909.33,0.949,4000482.19,49.98,4346.43,4060149.61,7463.64,1347130.22,31.3,45.7,0,0,0,0
2021-03-21,331241.1,0.899,3673164.55,49.87,4367.32,3041987.14,5896.03,1479534.85,29.2,19.9,0,0,0,0
2021-03-28,327703.2,0.884,4263698.27,50.35,3507.1,5060882.4,10090.11,2680957.86,40.8,15.3,0,0,1,0
2021-04-04,325750.78,0.91,4375028.06,49.94,3857.92,4118627.53,8025.22,1881326.56,24.8,64.1,0,0,0,0
2021-04-11,334151.68,0.87,3356976.05,50.37,4597.38,3946260.84,7839.2,2238766.22,26.7,53.7,0,0,1,0
2021-04-18,325719.58,0.809,3694910.09,50.16,4447.32,4229145.92,9265.91,3072606.47,29.2,65.8,0,0,1,0
2021-04-25,330357.83,0.884,3692343.06,50.1,3313.57,3544431.36,7004.54,1871062.69,29.8,75.0,0,0,0,0
2021-05-02,327611.71,0.944,3624038.76,50.07,4175.74,3394715.04,6339.79,1190623.51,30.9,61.1,0,0,0,0
2021-05-09,332394.9,0.826,4331789.94,50.08,3010.89,4700152.45,9880.11,3203817.09,33.4,55.7,0,0,0,0
2021-05-16,331668.31,0.904,3922469.54,49.61,4023.47,3787409.49,7297.08,1796603.67,29.5,70.7,0,0,0,0
2021-05-23,335187.7,0.83,3894194.06,49.94,4948.88,4128813.28,8566.93,2773074.44,24.8,78.6,0,0,0,0
2021-05-30,327449.92,0.88,3198455.05,50.17,3526.05,3203947.57,6416.71,1726047.6,27.2,53.1,0,0,0,0
2021-06-06,328650.63,0.815,4254167.21,49.99,3582.84,3709141.0,7999.93,2641985.15,28.9,78.2,0,0,0,0
2021-06-13,325106.18,0.868,3504296.64,49.72,4382.01,2897889.32,5931.97,1661261.36,34.2,78.2,0,0,0,0
2021-06-20,327778.53,0.913,4023973.05,49.99,3228.6,4316388.84,8323.52,1923317.91,23.8,79.5,0,0,0,0
2021-06-27,331886.5,0.852,4110950.78,50.34,3683.62,4085644.69,8340.68,2509110.85,31.6,82.2,0,0,0,0
2021-07-04,333784.94,0.9,4544263.44,50.25,4298.22,4520138.03,8689.78,2192571.76,28.5,92.0,0,0,0,0
2021-07-11,325389.17,0.919,3476471.84,49.99,3682.86,3892210.54,7512.2,1666072.51,30.5,66.4,0,0,1,0
2021-07-18,334348.03,0.939,2792195.14,50.19,3882.02,3259452.88,5993.55,1192979.42,27.7,71.1,0,0,1,0
2021-07-25,336778.19,0.835,4073539.82,49.93,4372.09,4166194.63,8551.58,2743315.22,25.5,65.8,0,1,0,0
2021-08-01,332067.17,0.86,4720204.47,49.66,4210.77,4795445.14,9696.07,2846753.79,30.3,70.0,0,0,0,0
2021-08-08,339383.98,0.823,4495578.54,49.82,4133.41,4945200.7,10223.62,3414986.74,30.0,85.3,0,0,1,0
2021-08-15,326131.05,0.949,4083863.77,50.31,3830.44,3733902.95,6966.3,1242150.0,30.9,56.5,0,0,0,0
2021-08-22,323776.73,0.939,3803345.53,49.95,4185.03,4078385.62,7744.5,1493070.66,28.0,61.4,0,0,0,0
2021-08-29,321106.4,0.881,4322849.04,49.95,3938.13,4777563.46,9750.44,2565739.71,26.2,83.8,0,0,1,0
2021-09-05,337480.22,0.926,3610581.52,49.94,4228.9,4036713.26,7455.3,1641933.07,23.3,80.2,0,0,1,0
2021-09-12,333271.83,0.878,4190543.11,50.38,3751.53,3588465.69,7079.2,1954931.83,30.5,66.4,0,0,0,0
2021-09-19,329722.08,0.894,4202188.06,50.33,3908.72,4092361.66,8019.59,2056343.48,29.3,78.5,0,1,0,0
2021-09-26,331399.84,0.813,4424083.96,50.44,3505.02,4256737.12,9117.51,3044561.34,25.1,73.4,0,0,0,0
2021-10-03,324372.55,0.913,5103864.02,49.97,3982.5,5410038.16,10543.54,2412764.9,26.4,85.0,0,0,0,0
2021-10-10,319878.57,0.819,4156966.39,49.94,3594.5,5291919.07,11660.05,3705373.17,26.6,70.7,1,1,1,1
2021-10-17,330646.11,0.924,3796414.55,49.7,3442.98,4554448.59,8607.6,1886087.52,23.6,80.3,0,0,1,0
2021-10-24,330546.97,0.917,3989770.28,50.3,4129.33,3991778.93,7600.8,1732767.52,25.5,96.4,0,0,0,0
2021-10-31,333628.83,0.906,3292369.64,49.77,4106.37,3293168.86,6288.0,1535592.69,24.6,76.0,0,0,0,0
2021-11-07,332405.05,0.805,3722114.75,50.04,4391.44,4336141.6,9350.84,3190898.89,30.8,35.5,0,0,1,0
2021-11-14,331119.42,0.845,3836287.02,49.78,3784.44,4141876.8,8541.89,2616135.4,29.8,42.2,0,0,0,0
2021-11-21,326047.63,0.839,3790364.64,49.88,4204.03,4460369.02,9408.61,2887324.02,27.1,31.3,0,0,1,0
2021-11-28,332357.34,0.854,4060941.95,49.83,4275.4,4381239.81,8911.75,2668898.17,38.1,58.9,0,0,0,0
2021-12-05,339410.12,0.813,3671032.03,49.88,4222.39,3429802.41,7174.88,2455090.52,35.8,36.8,0,0,0,0
2021-12-12,336727.1,0.941,4448412.27,49.89,3587.17,4077802.43,7433.76,1472678.55,29.7,32.3,0,0,0,0
2021-12-19,337965.93,0.883,4000082.83,49.89,4074.68,3579469.22,6924.52,1902036.98,32.8,26.6,0,0,0,0
2021-12-26,327443.92,0.846,3996279.87,50.17,4182.07,4460668.31,9298.65,2813293.7,33.3,46.0,0,0,1,0
2022-01-02,325051.98,0.86,3868842.11,49.78,4003.59,4522133.56,9344.59,2688700.36,35.6,43.7,0,0,1,0
2022-01-09,329371.07,0.867,4062076.27,50.04,2956.76,5016405.09,10141.15,2882101.64,29.5,30.0,0,0,1,0
2022-01-16,330278.62,0.89,4330039.31,50.24,4080.24,4911609.19,9646.04,2515079.54,35.3,40.8,0,0,1,0
2022-01-23,285714.15,0.877,3653147.91,49.92,5106.27,5279774.34,12160.44,2887651.41,30.4,19.9,1,0,1,1
2022-01-30,321537.68,0.938,3736753.4,49.86,3819.98,3706853.27,7096.63,1370965.4,28.0,36.8,0,0,0,0
2022-02-06,337647.75,0.875,3878509.59,49.95,3635.96,3623918.08,7085.52,2009505.24,34.2,39.5,0,0,0,0
2022-02-13,329209.96,0.949,3461651.63,50.24,4186.67,3929002.06,7262.12,1307728.05,35.9,52.1,0,0,1,0
2022-02-20,327865.59,0.928,3672296.86,50.04,4156.19,4009296.47,7610.23,1613256.11,39.8,27.3,0,0,0,0
2022-02-27,324939.48,0.831,3809511.65,49.89,4596.37,4040918.29,8637.17,2702086.11,28.4,22.2,0,0,0,0
2022-03-06,321725.72,0.94,4349755.67,50.1,3371.07,4735740.59,9044.89,1725288.53,34.1,26.0,0,0,0,0
2022-03-13,334115.85,0.817,4105024.53,49.78,4365.69,4442944.19,9391.81,3130573.27,30.8,21.6,0,0,0,0
2022-03-20,330366.59,0.923,4077435.96,50.14,4295.21,4804775.87,9101.12,2008720.02,34.4,48.4,0,0,1,0
2022-03-27,323550.2,0.857,4340359.18,50.08,3928.93,5119447.4,10658.41,3077072.8,27.6,50.5,0,0,1,0
2022-04-03,323524.61,0.932,3945051.28,49.94,4169.34,4357001.57,8345.37,1698655.94,24.2,73.2,0,0,1,0
2022-04-10,294259.84,0.93,4156185.94,49.93,4514.73,5931876.23,12511.81,2340535.02,25.7,82.2,0,0,1,1
2022-04-17,338345.11,0.921,3958711.3,49.82,4436.16,4360149.39,8079.3,1845713.32,28.2,71.3,0,0,1,0
2022-04-24,328702.04,0.919,4106144.94,50.11,3428.49,4122089.21,7882.66,1774533.19,26.1,69.0,0,0,0,0
2022-05-01,322484.29,0.846,3766896.54,50.25,4410.08,4240231.45,8976.42,2675675.1,30.0,66.7,0,0,1,0
2022-05-08,328771.28,0.812,3024473.14,49.87,3967.66,2753935.51,5954.83,1978514.36,31.1,66.9,0,0,0,0
2022-05-15,328636.38,0.86,3946288.34,50.09,4036.44,4559498.75,9309.29,2700046.0,29.8,54.5,0,0,1,0
2022-05-22,316515.57,0.826,4569099.25,49.58,4036.6,4251764.83,9388.98,2901126.99,32.9,72.6,0,0,0,0
2022-05-29,308668.31,0.904,4370486.16,49.61,3924.88,6072715.68,12561.61,2867775.36,29.2,69.6,1,1,1,1
2022-06-05,328845.33,0.852,4386158.99,49.99,4595.85,4234768.98,8727.33,2603152.4,24.3,77.5,0,0,0,0
2022-06-12,333481.03,0.946,4494452.29,49.82,3958.14,4967892.94,9088.51,1696496.61,32.1,70.9,0,0,1,0
2022-06-19,339244.78,0.896,4035463.04,49.81,3440.23,4223545.79,8020.93,2091444.77,26.2,68.4,0,0,0,0
2022-06-26,291022.53,0.923,4078926.28,49.68,3803.24,4228602.29,9085.17,1758106.82,30.7,61.3,1,1,0,1
2022-07-03,295612.19,0.82,3752939.24,49.77,4089.35,4821429.17,11485.32,3366897.87,32.7,70.7,1,1,1,1
2022-07-10,279927.49,0.929,3873570.86,50.11,4614.61,4283879.72,9507.67,1702485.72,29.4,77.4,0,1,1,1
2022-07-17,342866.8,0.938,4246308.46,49.55,4301.55,4832785.96,8671.96,1779381.14,23.5,58.6,0,0,1,0
2022-07-24,330296.09,0.873,4481553.77,49.58,3574.73,4706225.58,9422.47,2628483.35,25.2,70.9,0,0,0,0
2022-07-31,330069.65,0.891,3944221.49,49.88,5242.59,4297395.36,8437.07,2190449.99,32.0,72.3,0,0,0,0
2022-08-07,329879.37,0.915,3819924.29,50.09,4132.39,3645136.42,6974.44,1610265.8,27.5,62.8,0,1,0,0
2022-08-14,330990.42,0.826,4000211.18,49.45,4637.7,3964476.4,8369.72,2703068.06,28.2,64.1,0,0,0,0
2022-08-21,329278.2,0.875,4240482.7,49.9,3924.14,4258021.91,8528.75,2351469.55,30.3,72.3,0,0,0,0
2022-08-28,327131.69,0.86,3422458.07,49.89,4266.68,3886783.81,7978.29,2308347.19,30.1,58.7,0,0,1,0
2022-09-04,327265.71,0.822,3081527.62,50.28,4419.73,3752492.38,8053.97,2600181.73,28.8,73.5,0,0,1,0
2022-09-11,329836.23,0.855,3779785.26,49.92,4609.1,3664436.89,7500.95,2221524.97,27.4,61.0,0,0,0,0
2022-09-18,327282.88,0.81,3511715.03,50.08,4528.68,4065459.16,8851.56,2940955.29,27.1,80.6,0,0,1,0
2022-09-25,305418.08,0.804,3796743.92,49.82,4436.1,3595310.75,8454.62,2660250.4,30.6,93.4,0,1,0,1
2022-10-02,330532.15,0.82,3940887.87,49.57,3842.46,3667315.61,7809.34,2557182.08,29.7,61.4,0,0,0,0
2022-10-09,328725.11,0.944,3818700.64,50.15,3714.13,3643506.88,6775.47,1267673.83,27.2,75.3,0,0,0,0
2022-10-16,337519.96,0.882,4580987.01,50.04,4166.3,4190453.89,8123.08,2234033.83,31.2,62.7,0,0,0,0
2022-10-23,316745.15,0.945,4130697.91,50.1,4466.56,3683100.28,7105.09,1276340.4,27.6,80.4,0,0,0,0
2022-10-30,306595.34,0.865,4120189.74,50.78,3888.64,4962072.06,10803.98,2880070.2,25.4,57.3,0,0,1,1
2022-11-06,308664.33,0.847,4248882.86,49.14,4532.59,5300215.48,11707.92,3329676.06,29.7,39.8,0,1,1,1
2022-11-13,319633.05,0.876,3544466.75,50.34,4726.31,3856169.07,7952.04,2123963.01,29.1,26.3,0,0,0,0
2022-11-20,297855.32,0.866,4415644.71,49.47,3541.84,5827700.05,13045.18,3366157.19,31.2,32.9,0,1,1,1
2022-11-27,328142.8,0.816,3969694.29,50.06,3581.54,4273620.83,9216.42,3029088.69,35.7,24.7,0,0,0,0
2022-12-04,304569.01,0.896,4268192.25,50.09,3929.81,6001518.58,12695.41,2972241.91,29.6,43.2,0,0,1,1
2022-12-11,306910.66,0.832,3571257.11,50.35,4153.81,4468179.32,10097.71,2974650.46,32.6,26.6,0,0,1,1
2022-12-18,324447.12,0.893,3378496.49,49.89,3737.72,3146396.02,6270.29,1586271.37,30.0,40.5,0,0,0,0
2022-12-25,338761.35,0.898,4327155.86,50.07,4676.1,5001246.34,9496.74,2457092.8,31.2,31.6,0,0,1,0
2023-01-01,294663.17,0.823,4150563.81,49.88,4212.03,5222243.13,12435.82,3607099.15,27.5,33.9,1,1,1,1
2023-01-08,336357.78,0.809,3639179.38,50.15,4019.72,3480658.07,7383.16,2527168.28,31.3,36.5,0,0,0,0
2023-01-15,292117.26,0.917,3652134.77,49.95,3282.05,4365983.22,9408.94,1897678.3,31.4,27.4,1,1,1,1
2023-01-22,324354.74,0.869,4450173.91,49.77,3342.09,4266465.88,8739.42,2429684.59,33.6,37.1,0,0,0,0
2023-01-29,287262.15,0.809,3524235.24,50.14,4140.5,4500318.57,11184.17,3273093.66,32.7,50.3,1,1,1,1
2023-02-05,332446.87,0.949,4657069.18,50.25,2933.7,5050150.93,9239.53,1673663.98,28.4,27.2,0,0,0,0
2023-02-12,323889.36,0.809,3639751.71,49.89,4506.32,3948527.04,8703.78,2872364.25,35.3,46.7,0,0,0,0
2023-02-19,333564.99,0.904,4255356.77,50.07,3920.92,4086065.88,7821.2,1929453.43,32.6,50.0,0,0,0,0
2023-02-26,328798.37,0.948,3868552.61,49.85,5621.55,3873308.85,7177.76,1306437.98,32.6,26.8,0,0,0,0
2023-03-05,328125.9,0.836,4241274.97,50.15,5153.96,4908992.89,10333.53,3223714.07,32.0,20.4,0,0,1,0
2023-03-12,333554.8,0.821,3782354.4,50.14,3909.28,4159228.24,8765.23,2888704.86,30.4,38.0,0,0,0,0
2023-03-19,332221.32,0.818,3934882.84,50.37,3946.83,4948140.76,10509.7,3476865.62,32.7,29.5,0,0,1,0
2023-03-26,328195.17,0.845,4016367.67,49.96,4497.79,4691168.92,9760.66,2962814.41,33.4,53.7,1,0,1,0
2023-04-02,335796.65,0.815,3599125.02,50.13,4851.59,4190926.65,8839.59,2978019.95,22.8,70.3,0,0,1,0
2023-04-09,283197.14,0.904,4296329.74,50.33,3180.99,4994215.85,11265.07,2364447.45,26.4,62.0,0,0,1,1
2023-04-16,333079.68,0.809,3794714.57,50.26,3106.81,4274313.5,9154.29,3101839.99,27.2,58.5,0,0,1,0
2023-04-23,332965.51,0.876,3908560.03,49.86,3688.98,4083230.92,8078.58,2243598.08,28.8,80.9,0,0,0,0
2023-04-30,303090.31,0.95,3602260.25,49.74,4291.37,4414911.13,8857.11,1458858.83,31.6,64.3,0,1,1,1
2023-05-07,331630.67,0.922,2975066.54,49.96,4248.44,3173805.55,5992.24,1331904.35,25.7,70.4,0,0,0,0
2023-05-14,323744.43,0.892,3923588.89,49.99,4534.89,4490630.49,8975.15,2272166.08,26.5,79.6,0,0,1,0
2023-05-21,334620.14,0.846,4965046.17,50.02,3400.15,5461963.67,11140.32,3443233.83,26.5,65.2,0,0,1,0
2023-05-28,329075.49,0.894,4313841.72,50.05,2841.93,4150574.11,8149.23,2085055.58,25.6,69.5,0,0,0,0
2023-06-04,295448.19,0.879,3992295.85,50.46,4429.01,5433410.58,12078.53,2946575.2,27.0,69.8,0,1,1,1
2023-06-11,335245.05,0.864,3894843.67,50.04,3585.9,3841255.47,7657.38,2239367.12,30.3,76.8,0,0,0,0
2023-06-18,326478.28,0.82,4008986.36,50.32,2990.76,4296303.64,9269.89,3003230.49,24.8,75.9,0,0,0,0
2023-06-25,322957.69,0.933,4218847.65,50.2,4072.53,4301811.26,8242.67,1659421.46,29.3,67.8,0,0,0,0
2023-07-02,322216.85,0.867,3527674.87,50.17,4396.59,3626849.72,7491.48,2080001.61,22.9,70.6,0,0,0,0
2023-07-09,287908.17,0.829,4445728.68,49.9,3938.97,5904159.59,14278.67,3980012.42,26.3,66.3,1,0,1,1
2023-07-16,323597.85,0.855,4286152.53,49.82,3771.08,4054617.26,8459.3,2457706.7,27.0,55.2,0,0,0,0
2023-07-23,338773.97,0.862,4287274.29,50.19,3920.32,5335596.49,10547.39,3135961.93,33.0,72.6,0,0,1,0
2023-07-30,319590.35,0.924,4175390.3,50.18,3814.71,3623785.3,7083.94,1498233.26,27.2,88.9,0,0,0,0
2023-08-06,338482.28,0.91,4007846.66,50.29,3325.98,3968702.95,7438.59,1807707.15,21.4,61.2,0,0,0,0
2023-08-13,331055.09,0.915,4269144.49,49.88,3642.66,4640650.52,8841.16,2040776.14,22.0,62.3,0,0,0,0
2023-08-20,329516.43,0.802,4236725.65,49.95,4260.64,4696119.82,10263.94,3501858.38,28.1,61.3,0,0,1,0
2023-08-27,302394.29,0.862,3858383.72,49.42,4160.84,4622856.16,10234.24,2713325.74,29.8,77.2,1,1,1,1
2023-09-03,331995.68,0.872,3770559.29,49.92,4084.03,3937447.75,7850.64,2208192.3,29.1,74.5,0,0,0,0
2023-09-10,329811.83,0.803,4040742.52,50.2,3502.43,4408672.36,9612.38,3273465.02,28.5,68.4,0,0,0,0
2023-09-17,335516.51,0.839,4619608.06,49.91,3909.25,4743843.42,9729.9,3076955.18,31.5,60.8,0,0,0,0
2023-09-24,330571.14,0.914,3504357.17,50.13,2911.47,4167795.5,7963.68,1849502.31,26.4,70.9,0,0,1,0
2023-10-01,330751.51,0.821,3412989.89,49.96,4089.24,3870108.39,8232.79,2695655.91,30.7,54.4,0,0,1,0
2023-10-08,328181.94,0.88,4065904.34,50.06,4714.43,4624081.58,9241.05,2492086.21,23.1,71.4,0,0,1,0
2023-10-15,329715.27,0.832,4020355.08,49.77,3262.93,3832943.53,8064.23,2553000.1,25.3,78.7,0,0,0,0
2023-10-22,331539.01,0.802,4069336.67,50.02,3707.04,4240497.68,9209.7,3160300.76,22.6,57.5,0,0,0,0
2023-10-29,321449.16,0.836,4097581.28,49.4,4164.55,4179341.98,8977.08,2741251.25,27.2,54.7,0,0,0,0
2023-11-05,323259.07,0.946,3910719.1,49.96,4626.42,3712992.6,7007.24,1267450.7,31.9,50.8,0,0,0,0
2023-11-12,313609.34,0.92,4595945.38,50.04,3775.89,5998594.01,12000.61,2551219.1,32.3,28.9,0,0,1,1
2023-11-19,330854.33,0.944,3359638.41,50.24,3653.87,3346990.8,6187.49,1170557.88,32.2,46.4,0,0,0,0
2023-11-26,329080.08,0.873,3668601.19,50.16,3015.54,4092472.78,8222.82,2284386.65,29.2,33.5,0,0,1,0
2023-12-03,330092.17,0.816,3958698.1,50.09,4051.72,3732976.47,7996.95,2639963.59,31.4,33.4,0,0,0,0
2023-12-10,313398.41,0.882,3342724.48,50.4,5021.04,5030361.36,10504.56,2685042.42,27.5,39.4,0,0,1,1
2023-12-17,288056.23,0.868,3929658.24,49.85,4138.68,4737461.66,10937.29,2708217.08,36.1,26.2,0,0,1,1
2023-12-24,326108.48,0.927,4664588.07,50.35,3988.86,5000112.98,9553.0,2028400.67,31.1,36.3,0,0,0,0
2023-12-31,289810.4,0.815,4008354.6,49.94,4161.04,5837740.64,14274.66,4154966.93,30.5,31.2,1,0,1,1
2024-01-07,325108.14,0.873,4092280.36,49.95,3994.45,4063372.32,8263.55,2267508.08,36.8,21.8,0,1,0,0
2024-01-14,332041.26,0.823,3495934.09,50.23,3593.49,3968748.22,8389.98,2744344.79,28.3,38.4,0,0,1,0
2024-01-21,321487.08,0.849,3753455.44,49.78,4411.64,3479759.62,7363.26,2168428.89,28.6,32.4,0,0,0,0
2024-01-28,335145.78,0.911,3849921.45,49.84,4112.88,4601471.43,8705.08,2088395.67,28.7,33.4,0,0,1,0
2024-02-04,332362.99,0.871,3872913.96,49.88,4008.81,4072039.55,8117.45,2292411.6,31.8,22.9,0,0,0,0
2024-02-11,331280.15,0.856,4512657.52,49.89,3512.32,4469150.35,9094.96,2694593.03,33.3,50.9,0,0,0,0
2024-02-18,334913.45,0.859,4223076.42,49.79,4651.75,4307883.5,8643.53,2565601.51,34.2,43.8,0,0,0,0
2024-02-25,338327.37,0.869,3555416.82,50.24,4332.35,4020792.18,7896.52,2290348.1,39.7,44.6,0,0,1,0
2024-03-03,335071.85,0.918,4098601.91,49.95,3723.54,4063987.05,7630.06,1758670.29,25.3,31.9,0,0,0,0
2024-03-10,320795.63,0.934,4199288.7,50.07,4500.91,4094576.21,7891.51,1568713.76,33.8,17.7,0,0,0,0
2024-03-17,323602.12,0.943,4456059.62,49.89,3751.21,4580144.57,8662.78,1611721.35,30.3,54.5,0,0,0,0
2024-03-24,326875.91,0.918,4632216.27,49.64,3609.0,4318632.78,8308.89,1865211.12,30.2,34.4,0,1,0,0
2024-03-31,330130.46,0.847,3593962.32,50.05,3620.15,4427957.06,9139.33,2775456.2,30.1,27.5,0,0,1,0
2024-04-07,332588.3,0.903,3675657.0,49.62,3114.47,3651252.62,7017.47,1734942.57,25.3,74.2,0,0,0,0
2024-04-14,326371.28,0.866,3496968.86,49.99,4235.77,3962631.1,8097.92,2291892.85,33.1,81.7,0,0,1,0
2024-04-21,330933.83,0.838,3906392.06,49.73,3084.43,4183538.89,8707.51,2721953.86,30.5,69.8,0,0,0,0
2024-04-28,326223.09,0.926,4186543.35,50.4,3385.78,3983691.07,7612.69,1622512.75,28.1,82.8,0,0,0,0
2024-05-05,326942.41,0.806,4394933.81,50.18,2962.21,4612063.44,10107.77,3389868.44,32.1,80.8,0,0,0,0
2024-05-12,322966.69,0.935,3969619.59,50.02,3956.97,4479319.85,8561.69,1695195.49,23.5,59.2,0,0,1,0
2024-05-19,325383.83,0.869,3872060.99,50.25,3924.84,3992768.1,8150.55,2271129.73,24.0,63.3,0,0,0,0
2024-05-26,323241.58,0.896,4060703.2,49.83,3836.65,4748226.11,9469.76,2358790.48,21.5,79.6,0,0,1,0
2024-06-02,325120.63,0.899,3665942.84,50.11,3478.71,4223721.69,8344.06,2058745.99,25.9,42.9,0,0,1,0
2024-06-09,335268.21,0.934,4835815.49,50.04,3413.88,5521976.53,10178.18,2107516.91,28.5,68.5,0,0,1,0
2024-06-16,325253.01,0.896,3356935.59,50.05,4232.18,3370478.55,6681.04,1675116.09,28.3,55.7,0,0,0,0
2024-06-23,343161.91,0.892,4073896.23,50.25,3724.72,3837674.44,7237.69,1943842.66,28.4,65.2,0,0,0,0
2024-06-30,332466.59,0.81,4809442.49,50.15,4158.18,4754813.18,10193.91,3442452.43,23.8,67.0,0,0,0,0
2024-07-07,330924.18,0.878,4002719.94,50.06,3557.38,4281405.69,8509.83,2336870.87,30.4,66.4,0,0,0,0
2024-07-14,325708.21,0.823,3923984.39,49.67,4090.53,4334349.46,9340.83,2996950.6,28.7,64.5,0,0,1,0
2024-07-21,333501.55,0.911,3857021.83,49.81,4651.64,3212293.09,6106.91,1457803.86,30.2,59.0,0,0,0,0
2024-07-28,327121.81,0.877,3927843.33,49.98,4293.08,4121048.76,8295.08,2259697.19,22.3,92.9,0,0,0,0
2024-08-04,330610.05,0.902,4549139.39,50.02,3793.79,4848513.35,9386.61,2320235.58,28.9,88.7,0,0,0,0
2024-08-11,342800.42,0.806,3115255.24,49.77,4128.6,3184555.88,6652.37,2336616.79,24.4,58.4,0,0,0,0
2024-08-18,329519.7,0.813,4613373.48,50.48,3879.67,5439755.0,11727.27,3899880.88,26.8,85.8,0,0,1,0
2024-08-25,335746.37,0.907,3430417.14,50.3,4003.94,3746626.16,7099.8,1734748.39,29.6,66.0,0,1,0,0
2024-09-01,326484.12,0.811,3893339.07,50.12,3837.19,4598108.16,10028.5,3319261.53,28.3,71.3,0,0,1,0
2024-09-08,329825.06,0.811,3828302.23,50.01,3917.83,3937041.13,8501.03,2843323.63,25.4,69.4,0,0,0,0
2024-09-15,338854.0,0.802,4235421.31,49.96,4106.05,4844253.59,10293.87,3610283.07,28.0,63.4,0,0,1,0
2024-09-22,326865.16,0.943,3360750.26,49.81,3503.32,4078292.75,7635.17,1432705.36,23.4,79.8,0,0,1,0
2024-09-29,339062.24,0.911,4184869.07,50.02,3492.06,4943039.05,9243.02,2243090.14,31.5,71.3,0,0,1,0
2024-10-06,333538.76,0.853,4809723.85,50.05,3305.73,4524920.09,9182.51,2768733.97,27.4,65.2,0,0,0,0
2024-10-13,327187.67,0.844,3454730.4,49.75,3199.86,3539828.67,7396.65,2245031.14,31.4,57.0,0,0,0,0
2024-10-20,333162.04,0.852,4075882.47,50.07,3391.36,4138991.51,8414.08,2538389.44,26.4,61.1,0,0,0,0
2024-10-27,334862.77,0.916,3735207.13,49.97,4079.73,4104714.19,7724.42,1795315.91,26.4,53.6,0,0,0,0
2024-11-03,333109.05,0.899,4170354.88,49.62,3553.61,4665106.42,8991.98,2269900.22,29.7,35.1,0,0,1,0
2024-11-10,322148.88,0.828,4007659.11,49.83,4256.81,3871842.48,8382.74,2624264.54,34.6,23.0,0,0,0,0
2024-11-17,298484.95,0.826,3743405.24,50.26,4017.36,4725167.34,11063.51,3223068.15,29.9,32.3,1,1,1,1
2024-11-24,312004.26,0.815,4195148.91,50.62,3015.75,4439486.71,10082.83,3159228.8,33.9,48.7,0,1,0,1
2024-12-01,329627.83,0.899,4721739.24,50.11,4327.49,5638675.04,10985.28,2746162.0,30.9,47.0,0,0,1,0
2024-12-08,296631.94,0.915,3923638.48,50.19,4405.4,4374481.1,9308.73,1933307.45,26.1,34.7,0,1,1,1
2024-12-15,294661.38,0.84,4287903.18,49.81,3503.07,5515680.57,12869.5,3566278.89,30.3,34.1,1,1,1,1
2024-12-22,323323.28,0.803,3482690.82,49.69,4210.1,3548983.94,7890.68,2632713.4,28.5,53.8,0,0,0,0
2024-12-29,331900.99,0.812,3617425.45,50.22,3571.75,4212863.65,9021.48,3024597.98,32.1,40.2,0,0,1,0
2025-01-05,333052.93,0.945,4188962.51,49.91,4048.84,3209789.83,5886.93,1108959.72,28.4,31.7,0,0,0,0
2025-01-12,290681.54,0.844,4593646.41,50.21,3367.75,5544696.86,13043.51,3518934.33,34.8,20.7,0,1,1,1
2025-01-19,335403.9,0.915,4142245.34,50.27,3103.45,4305524.88,8096.44,1893557.53,31.7,38.9,0,0,0,0
2025-01-26,334169.61,0.894,3874776.79,49.74,3808.59,3892741.65,7525.52,1954281.71,31.5,43.3,0,0,0,0
2025-02-02,332295.9,0.857,3999716.56,49.72,3938.14,4890144.08,9910.78,2936697.09,34.0,28.7,0,0,1,0
2025-02-09,307984.21,0.831,3499836.91,49.86,3801.16,4058255.64,9156.43,2718153.29,34.9,37.9,0,1,1,1
2025-02-16,321695.2,0.818,4241806.13,50.21,3407.98,4781277.41,10487.57,3359614.5,31.9,31.4,0,0,1,0
2025-02-23,332148.09,0.892,4352933.22,49.7,3800.05,4725654.35,9206.24,2391490.44,29.7,33.2,0,0,0,0
2025-03-02,331038.44,0.916,3819163.87,49.43,4134.65,4491916.93,8550.76,1964709.83,26.7,10.1,0,0,1,0
2025-03-09,307903.36,0.897,3811983.14,49.9,3977.55,4347951.53,9093.22,2147680.01,29.9,32.8,0,1,1,1
2025-03-16,323616.26,0.88,4106351.29,50.11,4091.25,4010686.08,8135.22,2169695.0,30.1,44.7,0,0,0,0
2025-03-23,324594.72,0.806,3825312.11,50.24,3664.94,4435858.66,9785.5,3254258.55,32.3,28.7,0,1,1,0
2025-03-30,335265.76,0.945,3973546.95,49.91,4585.86,4341227.72,7908.7,1498459.63,31.0,35.5,0,0,0,0
2025-04-06,329802.22,0.92,4839888.72,49.92,3411.91,4334150.67,8248.84,1848859.53,30.1,62.4,0,0,0,0
2025-04-13,333407.5,0.844,3901189.72,50.23,4243.78,3885856.09,7973.48,2470154.9,26.2,73.6,0,0,0,0
2025-04-20,330141.59,0.947,3856663.94,49.63,4590.95,4198511.94,7753.3,1424249.59,27.8,67.8,0,0,0,0
2025-04-27,330148.78,0.89,3740983.28,49.92,4240.45,4241438.64,8331.35,2169637.98,31.6,60.6,0,0,1,0
2025-05-04,334691.42,0.887,4297676.79,50.04,3898.74,4220649.25,8204.89,2193033.59,29.0,83.3,0,0,0,0
2025-05-11,327419.78,0.912,3927510.33,50.09,3735.85,2979308.8,5759.1,1338160.59,27.8,79.3,0,0,0,0
2025-05-18,330480.6,0.922,3740250.78,49.9,4518.04,4122961.92,7814.16,1734356.31,26.2,64.0,0,0,1,0
2025-05-25,327688.62,0.898,4528521.61,50.01,3288.51,4202322.83,8240.68,2053432.37,26.1,75.0,0,0,0,0
